-- phpMyAdmin SQL Dump
-- version 5.2.1
-- https://www.phpmyadmin.net/
--
-- Host: 127.0.0.1
-- Generation Time: Jul 11, 2024 at 02:09 AM
-- Server version: 10.4.32-MariaDB
-- PHP Version: 8.2.12

SET SQL_MODE = "NO_AUTO_VALUE_ON_ZERO";
START TRANSACTION;
SET time_zone = "+00:00";


/*!40101 SET @OLD_CHARACTER_SET_CLIENT=@@CHARACTER_SET_CLIENT */;
/*!40101 SET @OLD_CHARACTER_SET_RESULTS=@@CHARACTER_SET_RESULTS */;
/*!40101 SET @OLD_COLLATION_CONNECTION=@@COLLATION_CONNECTION */;
/*!40101 SET NAMES utf8mb4 */;

--
-- Database: `scoring_classroom`
--

-- --------------------------------------------------------

--
-- Table structure for table `caretaker`
--

CREATE TABLE `caretaker` (
  `id` int(11) NOT NULL,
  `stdid` varchar(11) NOT NULL,
  `idcourse` varchar(8) NOT NULL
) ENGINE=InnoDB DEFAULT CHARSET=utf8mb4 COLLATE=utf8mb4_general_ci;

--
-- Dumping data for table `caretaker`
--

INSERT INTO `caretaker` (`id`, `stdid`, `idcourse`) VALUES
(1, '633020334-8', 'SC363001'),
(2, '633020334-8', 'CP421025'),
(3, '633020334-8', 'SC362102'),
(4, '123456789-0', 'SC363001'),
(5, '643020023-6', 'SC363001'),
(6, '643020023-6', 'CP421025'),
(7, '643020349-6', 'SC363001'),
(8, '643020349-6', 'CP421025'),
(9, '643020356-9', 'SC363001'),
(10, '643020356-9', 'CP421025'),
(11, '643020399-1', 'SC363001'),
(12, '643020399-1', 'CP421025'),
(13, '643020415-9', 'SC363001'),
(14, '643020415-9', 'CP421025'),
(15, '643021099-8', 'SC363001'),
(16, '643021099-8', 'CP421025'),
(17, '643021116-4', 'SC363001'),
(18, '643021116-4', 'CP421025'),
(19, '', ''),
(20, '123456789-0', 'CP421025'),
(21, '653380040-0', 'SC362102'),
(22, '653380038-7', 'SC362102'),
(23, '653380119-7', 'SC362102'),
(24, '123456789-0', 'SC362102'),
(25, '643021124-5', 'SC363001'),
(26, '643021124-5', 'CP421025');

-- --------------------------------------------------------

--
-- Table structure for table `course`
--

CREATE TABLE `course` (
  `idcourse` varchar(8) NOT NULL,
  `name` varchar(255) NOT NULL,
  `image` varchar(255) NOT NULL,
  `description` text NOT NULL
) ENGINE=InnoDB DEFAULT CHARSET=utf8mb4 COLLATE=utf8mb4_general_ci;

--
-- Dumping data for table `course`
--

INSERT INTO `course` (`idcourse`, `name`, `image`, `description`) VALUES
('CP421025', 'Software design and analysis', '4eve-1.jpg', 'การวิเคราะห์และออกแบบซอฟต์แวร์'),
('SC362102', 'Software engineering', '4evebody1.jpg', ' วิศวกรรมซอฟต์แวร์'),
('SC363001', 'Systems analysis and design', '4evebody2.jpg', 'การวิเคราะห์และออกแบบระบบ');

-- --------------------------------------------------------

--
-- Table structure for table `edit_point`
--

CREATE TABLE `edit_point` (
  `id` int(11) NOT NULL,
  `idtitelwork` int(11) NOT NULL,
  `stdid` varchar(11) NOT NULL,
  `teachid` varchar(100) NOT NULL,
  `point` int(11) NOT NULL,
  `des` text NOT NULL,
  `status` int(11) NOT NULL,
  `idcourse` varchar(8) NOT NULL,
  `create_at` timestamp NOT NULL DEFAULT current_timestamp(),
  `description_t` text DEFAULT NULL,
  `update_at` timestamp NOT NULL DEFAULT '1998-12-31 17:00:00' ON UPDATE current_timestamp()
) ENGINE=InnoDB DEFAULT CHARSET=utf8mb4 COLLATE=utf8mb4_general_ci;

--
-- Dumping data for table `edit_point`
--

INSERT INTO `edit_point` (`id`, `idtitelwork`, `stdid`, `teachid`, `point`, `des`, `status`, `idcourse`, `create_at`, `description_t`, `update_at`) VALUES
(6, 14, '653380085-8', 'Auntima Phalabud', 10, 'ใส่คะแนนผิด', 2, 'SC363001', '2024-07-02 08:54:03', NULL, '2024-07-07 03:28:07'),
(7, 14, '653380113-9', 'Auntima Phalabud', 10, 'ใส่คะแนนผิด', 2, 'SC363001', '2024-07-02 08:54:21', NULL, '2024-07-07 03:28:01'),
(8, 14, '653380105-8', 'Auntima Phalabud', 10, 'ใส่คะแนนผิด', 2, 'SC363001', '2024-07-02 08:54:33', NULL, '2024-07-07 03:27:55'),
(9, 14, '653380249-4', 'Auntima Phalabud', 10, 'ใส่คะแนนผิด', 2, 'SC363001', '2024-07-02 08:54:55', NULL, '2024-07-07 03:27:30'),
(10, 14, '653380105-8', 'Auntima Phalabud', 10, 'ใส่คะแนนผิด', 2, 'SC363001', '2024-07-02 08:55:07', NULL, '2024-07-07 03:27:58'),
(11, 14, '653380113-9', 'Auntima Phalabud', 10, 'ใส่คะแนนผิด', 2, 'SC363001', '2024-07-02 08:55:19', NULL, '2024-07-07 03:28:03'),
(12, 14, '653380008-6', 'Auntima Phalabud', 10, 'ใส่คะแนนผิด', 2, 'SC363001', '2024-07-02 08:55:59', NULL, '2024-07-07 03:28:05'),
(13, 14, '653380115-5', 'Auntima Phalabud', 10, 'ใส่คะแนนผิด', 2, 'SC363001', '2024-07-02 08:58:16', NULL, '2024-07-07 03:27:52'),
(14, 14, '653380112-1', 'Auntima Phalabud', 10, 'ใส่คะแนนผิด', 2, 'SC363001', '2024-07-02 08:58:32', NULL, '2024-07-07 03:27:49'),
(15, 14, '653380116-3', 'Auntima Phalabud', 10, 'ใส่คะแนนผิด', 2, 'SC363001', '2024-07-02 08:58:47', NULL, '2024-07-07 03:27:46'),
(16, 14, '653380096-3', 'Auntima Phalabud', 10, 'ใส่คะแนนผิด', 2, 'SC363001', '2024-07-02 08:59:01', NULL, '2024-07-07 03:27:42'),
(17, 14, '643020402-8', 'Auntima Phalabud', 10, 'ใส่คะแนนผิด', 2, 'SC363001', '2024-07-02 08:59:17', NULL, '2024-07-07 03:27:32'),
(18, 14, '653380002-8', 'Panupat Phonyiam', 10, 'กรอกคะแนนผิด', 2, 'SC363001', '2024-07-07 09:38:17', NULL, '2024-07-09 03:12:39'),
(19, 14, '653380005-2', 'Panupat Phonyiam', 10, 'กรอกคะแนนผิด', 2, 'SC363001', '2024-07-07 09:38:46', NULL, '2024-07-09 03:12:35'),
(20, 14, '653380006-0', 'Panupat Phonyiam', 10, 'กรอกคะแนนผิด', 2, 'SC363001', '2024-07-07 09:38:58', NULL, '2024-07-09 03:12:31'),
(21, 14, '653380090-5', 'Panupat Phonyiam', 10, 'กรอกคะแนนผิด', 2, 'SC363001', '2024-07-07 09:39:18', NULL, '2024-07-09 03:12:34'),
(22, 14, '653380104-0', 'Panupat Phonyiam', 10, 'กรอกคะแนนผิด', 2, 'SC363001', '2024-07-07 09:39:29', NULL, '2024-07-09 03:12:37');

-- --------------------------------------------------------

--
-- Table structure for table `enllo`
--

CREATE TABLE `enllo` (
  `id` int(11) NOT NULL,
  `idcourse` varchar(8) NOT NULL,
  `stdid` varchar(11) NOT NULL,
  `type` int(11) DEFAULT NULL
) ENGINE=InnoDB DEFAULT CHARSET=utf8mb4 COLLATE=utf8mb4_general_ci;

--
-- Dumping data for table `enllo`
--

INSERT INTO `enllo` (`id`, `idcourse`, `stdid`, `type`) VALUES
(3, 'SC363001', '643020402-8', NULL),
(4, 'SC363001', '653380002-8', NULL),
(5, 'SC363001', '653380003-6', NULL),
(6, 'SC363001', '653380004-4', NULL),
(7, 'SC363001', '653380005-2', NULL),
(8, 'SC363001', '653380006-0', NULL),
(9, 'SC363001', '653380008-6', NULL),
(10, 'SC363001', '653380009-4', NULL),
(11, 'SC363001', '653380010-9', NULL),
(12, 'SC363001', '653380011-7', NULL),
(13, 'SC363001', '653380012-5', NULL),
(14, 'SC363001', '653380013-3', NULL),
(15, 'SC363001', '653380085-8', NULL),
(16, 'SC363001', '653380086-6', NULL),
(17, 'SC363001', '653380087-4', NULL),
(18, 'SC363001', '653380088-2', NULL),
(19, 'SC363001', '653380089-0', NULL),
(20, 'SC363001', '653380090-5', NULL),
(21, 'SC363001', '653380091-3', NULL),
(22, 'SC363001', '653380092-1', NULL),
(23, 'SC363001', '653380093-9', NULL),
(24, 'SC363001', '653380094-7', NULL),
(25, 'SC363001', '653380095-5', NULL),
(26, 'SC363001', '653380096-3', NULL),
(27, 'SC363001', '653380099-7', NULL),
(28, 'SC363001', '653380100-8', NULL),
(29, 'SC363001', '653380101-6', NULL),
(30, 'SC363001', '653380102-4', NULL),
(31, 'SC363001', '653380104-0', NULL),
(32, 'SC363001', '653380105-8', NULL),
(33, 'SC363001', '653380106-6', NULL),
(34, 'SC363001', '653380107-4', NULL),
(35, 'SC363001', '653380108-2', NULL),
(36, 'SC363001', '653380109-0', NULL),
(37, 'SC363001', '653380110-5', NULL),
(38, 'SC363001', '653380111-3', NULL),
(39, 'SC363001', '653380112-1', NULL),
(40, 'SC363001', '653380113-9', NULL),
(41, 'SC363001', '653380115-5', NULL),
(42, 'SC363001', '653380116-3', NULL),
(43, 'SC363001', '653380118-9', NULL),
(44, 'SC363001', '653380119-7', NULL),
(45, 'SC363001', '653380245-2', NULL),
(46, 'SC363001', '653380246-0', NULL),
(47, 'SC363001', '653380248-6', NULL),
(48, 'SC363001', '653380249-4', NULL),
(49, 'SC363001', '653380250-9', NULL),
(50, 'SC363001', '653380251-7', NULL),
(51, 'SC363001', '653380252-5', NULL),
(52, 'SC363001', '653380253-3', NULL),
(53, 'SC363001', '653380254-1', NULL),
(54, 'SC363001', '653380256-7', NULL),
(55, 'SC363001', '653380257-5', NULL),
(56, 'SC363001', '653380260-6', NULL),
(57, 'SC363001', '653380031-1', 2),
(58, 'SC363001', '653380032-9', 2),
(59, 'SC363001', '653380033-7', 2),
(60, 'SC363001', '653380034-5', 2),
(61, 'SC363001', '653380035-3', 2),
(62, 'SC363001', '653380036-1', 2),
(63, 'SC363001', '653380037-9', 2),
(64, 'SC363001', '653380038-7', 2),
(65, 'SC363001', '653380039-5', 2),
(66, 'SC363001', '653380040-0', 2),
(67, 'SC363001', '653380041-8', 2),
(68, 'SC363001', '653380173-1', 2),
(69, 'SC363001', '653380176-5', 2),
(70, 'SC363001', '653380177-3', 2),
(71, 'SC363001', '653380178-1', 2),
(72, 'SC363001', '653380179-9', 2),
(73, 'SC363001', '653380180-4', 2),
(74, 'SC363001', '653380181-2', 2),
(75, 'SC363001', '653380289-2', 2),
(76, 'SC363001', '653380293-1', 2),
(77, 'SC363001', '653380295-7', 2),
(78, 'SC363001', '653380297-3', 2),
(79, 'SC363001', '653380298-1', 2),
(80, 'SC363001', '653380299-9', 2),
(81, 'SC363001', '653380302-6', 2),
(82, 'SC363001', '653380304-2', 2),
(83, 'SC363001', '653380308-4', 2),
(84, 'SC363001', '653380309-2', 2),
(85, 'SC363001', '653380312-3', 2),
(86, 'SC363001', '653380314-9', 2),
(87, 'SC363001', '653380315-7', 2),
(88, 'SC363001', '653380369-4', 2),
(89, 'SC363001', '653380370-9', 2),
(90, 'CP421025', '663380092-2', 2),
(91, 'CP421025', '663380093-0', 2),
(92, 'CP421025', '663380094-8', 2),
(93, 'CP421025', '663380095-6', 2),
(94, 'CP421025', '663380096-4', 2),
(95, 'CP421025', '663380097-2', 2),
(96, 'CP421025', '663380098-0', 2),
(97, 'CP421025', '663380099-8', 2),
(98, 'CP421025', '663380100-9', 2),
(99, 'CP421025', '663380102-5', 2),
(100, 'CP421025', '663380104-1', 2),
(101, 'CP421025', '663380105-9', 2),
(102, 'CP421025', '663380106-7', 2),
(103, 'CP421025', '663380107-5', 2),
(104, 'CP421025', '663380108-3', 2),
(105, 'CP421025', '663380109-1', 2),
(106, 'CP421025', '663380111-4', 2),
(107, 'CP421025', '663380112-2', 2),
(108, 'CP421025', '663380113-0', 2),
(109, 'CP421025', '663380114-8', 2),
(110, 'CP421025', '663380115-6', 2),
(111, 'CP421025', '663380116-4', 2),
(112, 'CP421025', '663380117-2', 2),
(113, 'CP421025', '663380118-0', 2),
(114, 'CP421025', '663380119-8', 2),
(115, 'CP421025', '663380120-3', 2),
(116, 'CP421025', '663380121-1', 2),
(117, 'CP421025', '663380122-9', 2),
(118, 'CP421025', '663380123-7', 2),
(119, 'CP421025', '663380124-5', 2),
(120, 'CP421025', '663380125-3', 2),
(121, 'CP421025', '663380126-1', 2),
(122, 'CP421025', '663380127-9', 2),
(123, 'CP421025', '663380129-5', 2),
(124, 'CP421025', '663380130-0', 2),
(125, 'CP421025', '663380131-8', 2),
(126, 'CP421025', '663380132-6', 2),
(127, 'CP421025', '663380133-4', 2),
(128, 'CP421025', '663380135-0', 2),
(129, 'CP421025', '663380136-8', 2),
(130, 'CP421025', '663380138-4', 2),
(131, 'CP421025', '663380140-7', 2),
(132, 'CP421025', '663380141-5', 2),
(133, 'CP421025', '663380445-5', 2),
(134, 'CP421025', '663380446-3', 2),
(135, 'CP421025', '663380447-1', 2),
(136, 'CP421025', '663380448-9', 2),
(137, 'CP421025', '663380449-7', 2),
(138, 'CP421025', '663380450-2', 2),
(139, 'CP421025', '663380451-0', 2),
(140, 'CP421025', '663380453-6', 2),
(141, 'CP421025', '663380454-4', 2),
(142, 'CP421025', '663380455-2', 2),
(143, 'CP421025', '663380456-0', 2),
(144, 'CP421025', '663380457-8', 2),
(145, 'CP421025', '663380459-4', 2),
(146, 'CP421025', '663380460-9', 2),
(147, 'CP421025', '663380462-5', 2),
(148, 'CP421025', '663380463-3', 2),
(149, 'CP421025', '663380465-9', 2),
(150, 'CP421025', '663380467-5', 2),
(151, 'CP421025', '663380469-1', 2),
(152, 'CP421025', '663380470-6', 2),
(153, 'CP421025', '663380471-4', 2),
(154, 'CP421025', '663380472-2', 2),
(155, 'CP421025', '663380473-0', 2),
(156, 'CP421025', '663380474-8', 2),
(157, 'CP421025', '663380475-6', 2),
(158, 'CP421025', '663380476-4', 2),
(159, 'CP421025', '663380477-2', 2),
(160, 'CP421025', '663380478-0', 2),
(161, 'CP421025', '663380479-8', 2),
(162, 'CP421025', '663380480-3', 2),
(163, 'CP421025', '663380482-9', 2),
(164, 'CP421025', '663380483-7', 2),
(165, 'CP421025', '663380484-5', 2),
(166, 'SC362102', '643020378-9', 2),
(167, 'SC362102', '643020388-6', 2),
(168, 'SC362102', '643020405-2', 2),
(169, 'SC362102', '643020423-0', 2),
(170, 'SC362102', '643021106-7', 2),
(171, 'SC362102', '663380148-1', 2),
(172, 'SC362102', '663380151-2', 2),
(173, 'SC362102', '663380152-0', 2),
(174, 'SC362102', '663380160-1', 2),
(175, 'SC362102', '663380161-9', 2),
(176, 'SC362102', '663380166-9', 2),
(177, 'SC362102', '663380169-3', 2),
(178, 'SC362102', '663380170-8', 2),
(179, 'SC362102', '663380172-4', 2),
(180, 'SC362102', '663380174-0', 2),
(181, 'SC362102', '663380175-8', 2),
(182, 'SC362102', '663380182-1', 2),
(183, 'SC362102', '663380183-9', 2),
(184, 'SC362102', '663380185-5', 2),
(185, 'SC362102', '663380187-1', 2),
(186, 'SC362102', '663380188-9', 2),
(187, 'SC362102', '663380189-7', 2),
(188, 'SC362102', '663380190-2', 2),
(189, 'SC362102', '663380196-0', 2),
(190, 'SC362102', '663380487-9', 2),
(191, 'SC362102', '663380488-7', 2),
(192, 'SC362102', '663380495-0', 2),
(193, 'SC362102', '663380496-8', 2),
(194, 'SC362102', '663380497-6', 2),
(195, 'SC362102', '663380498-4', 2),
(196, 'SC362102', '663380501-1', 2),
(197, 'SC362102', '633021085-8', 2),
(198, 'SC362102', '633021103-2', 2),
(199, 'SC362102', '663380044-3', 2),
(200, 'SC362102', '663380337-8', 2),
(201, 'SC362102', '663380340-9', 2),
(202, 'SC362102', '663380342-5', 2),
(203, 'SC362102', '663380343-3', 2),
(204, 'SC362102', '663380346-7', 2),
(205, 'SC362102', '663380366-1', 2),
(206, 'SC362102', '663380367-9', 2),
(207, 'SC362102', '663380370-0', 2),
(208, 'SC362102', '663380559-0', 2),
(209, 'SC362102', '663380561-3', 2),
(210, 'SC362102', '663380562-1', 2),
(211, 'SC362102', '663380570-2', 2),
(212, 'SC362102', '663380571-0', 2),
(213, 'SC362102', '663380574-4', 2),
(214, 'SC362102', '663380577-8', 2),
(215, 'SC362102', '663380630-0', 2),
(216, 'SC362102', '663380633-4', 2),
(217, 'SC362102', '663380636-8', 2),
(218, 'SC363001', '653380294-9', NULL);

-- --------------------------------------------------------

--
-- Table structure for table `extra_point`
--

CREATE TABLE `extra_point` (
  `id` int(11) NOT NULL,
  `stdid` varchar(11) NOT NULL,
  `idcourse` varchar(8) NOT NULL,
  `teachid` varchar(100) NOT NULL,
  `point` int(11) NOT NULL,
  `create_at` timestamp NOT NULL DEFAULT current_timestamp()
) ENGINE=InnoDB DEFAULT CHARSET=utf8mb4 COLLATE=utf8mb4_general_ci;

--
-- Dumping data for table `extra_point`
--

INSERT INTO `extra_point` (`id`, `stdid`, `idcourse`, `teachid`, `point`, `create_at`) VALUES
(12, '663380131-8', 'CP421025', 'Supphitan Paksawad', 1, '2024-07-03 10:48:32'),
(13, '663380459-4', 'CP421025', 'Supphitan Paksawad', 1, '2024-07-03 10:48:50'),
(14, '663380467-5', 'CP421025', 'Supphitan Paksawad', 1, '2024-07-03 10:49:19'),
(15, '663380095-6', 'CP421025', 'Supphitan Paksawad', 1, '2024-07-03 10:49:49'),
(16, '663380136-8', 'CP421025', 'Supphitan Paksawad', 1, '2024-07-03 10:51:41'),
(17, '663380136-8', 'CP421025', 'Supphitan Paksawad', 1, '2024-07-03 10:51:56'),
(18, '663380100-9', 'CP421025', 'Supphitan Paksawad', 1, '2024-07-03 10:52:25'),
(19, '653380091-3', 'SC363001', 'Supphitan Paksawad', 1, '2024-07-07 03:30:08'),
(20, '653380008-6', 'SC363001', 'Supphitan Paksawad', 1, '2024-07-07 03:30:19'),
(21, '653380115-5', 'SC363001', 'Supphitan Paksawad', 1, '2024-07-07 03:31:40'),
(22, '653380106-6', 'SC363001', 'Supphitan Paksawad', 1, '2024-07-07 03:31:52'),
(23, '653380106-6', 'SC363001', 'Supphitan Paksawad', 1, '2024-07-07 03:31:59'),
(24, '653380036-1', 'SC363001', 'Supphitan Paksawad', 1, '2024-07-07 03:32:31'),
(25, '653380034-5', 'SC363001', 'Supphitan Paksawad', 1, '2024-07-07 03:32:38'),
(26, '653380298-1', 'SC363001', 'Supphitan Paksawad', 1, '2024-07-07 03:32:50'),
(27, '653380298-1', 'SC363001', 'Supphitan Paksawad', 1, '2024-07-07 03:32:57'),
(28, '653380295-7', 'SC363001', 'Supphitan Paksawad', 1, '2024-07-07 03:33:05'),
(29, '653380038-7', 'SC363001', 'Supphitan Paksawad', 1, '2024-07-07 03:33:17'),
(30, '653380041-8', 'SC363001', 'Supphitan Paksawad', 1, '2024-07-07 03:33:29'),
(31, '653380299-9', 'SC363001', 'Supphitan Paksawad', 1, '2024-07-07 03:33:34'),
(32, '663380095-6', 'CP421025', 'Supphitan Paksawad', 1, '2024-07-07 03:34:00'),
(33, '663380092-2', 'CP421025', 'Supphitan Paksawad', 1, '2024-07-07 03:34:06'),
(34, '663380093-0', 'CP421025', 'Supphitan Paksawad', 1, '2024-07-07 03:34:27'),
(35, '663380450-2', 'CP421025', 'Supphitan Paksawad', 1, '2024-07-07 03:34:33'),
(36, '663380138-4', 'CP421025', 'Supphitan Paksawad', 1, '2024-07-07 03:34:43'),
(37, '663380456-0', 'CP421025', 'Supphitan Paksawad', 1, '2024-07-07 03:34:52'),
(38, '663380140-7', 'CP421025', 'Supphitan Paksawad', 1, '2024-07-07 03:35:01'),
(39, '663380140-7', 'CP421025', 'Supphitan Paksawad', 1, '2024-07-07 03:35:15'),
(40, '663380107-5', 'CP421025', 'Supphitan Paksawad', 1, '2024-07-07 03:35:21'),
(41, '663380459-4', 'CP421025', 'Supphitan Paksawad', 1, '2024-07-07 03:35:28'),
(42, '663380477-2', 'CP421025', 'Supphitan Paksawad', 1, '2024-07-07 03:35:35'),
(43, '663380111-4', 'CP421025', 'Supphitan Paksawad', 1, '2024-07-07 03:35:42'),
(44, '663380455-2', 'CP421025', 'Supphitan Paksawad', 1, '2024-07-07 03:35:48'),
(45, '663380136-8', 'CP421025', 'Supphitan Paksawad', 1, '2024-07-07 03:35:56'),
(46, '663380121-1', 'CP421025', 'Supphitan Paksawad', 1, '2024-07-07 03:36:03'),
(47, '663380111-4', 'CP421025', 'Supphitan Paksawad', 1, '2024-07-07 03:36:23'),
(48, '663380104-1', 'CP421025', 'Supphitan Paksawad', 1, '2024-07-07 03:36:29'),
(49, '663380106-7', 'CP421025', 'Supphitan Paksawad', 1, '2024-07-07 03:36:36'),
(50, '663380118-0', 'CP421025', 'Supphitan Paksawad', 1, '2024-07-07 03:36:44'),
(51, '663380138-4', 'CP421025', 'Supphitan Paksawad', 1, '2024-07-07 03:37:33'),
(52, '663380474-8', 'CP421025', 'Supphitan Paksawad', 1, '2024-07-07 03:37:38'),
(53, '663380133-4', 'CP421025', 'Supphitan Paksawad', 1, '2024-07-07 03:37:43'),
(54, '663380141-5', 'CP421025', 'Supphitan Paksawad', 1, '2024-07-07 03:37:50'),
(55, '663380476-4', 'CP421025', 'Supphitan Paksawad', 1, '2024-07-07 03:37:56'),
(56, '663380126-1', 'CP421025', 'Supphitan Paksawad', 1, '2024-07-07 03:38:03'),
(57, '663380118-0', 'CP421025', 'Supphitan Paksawad', 1, '2024-07-07 03:38:09'),
(58, '653380089-0', 'SC363001', 'Supphitan Paksawad', 1, '2024-07-07 03:38:35'),
(59, '653380245-2', 'SC363001', 'Supphitan Paksawad', 1, '2024-07-07 03:38:44'),
(60, '653380107-4', 'SC363001', 'Supphitan Paksawad', 1, '2024-07-07 03:38:52'),
(61, '653380105-8', 'SC363001', 'Supphitan Paksawad', 1, '2024-07-07 03:38:57');

-- --------------------------------------------------------

--
-- Table structure for table `opencourse`
--

CREATE TABLE `opencourse` (
  `id` int(11) NOT NULL,
  `name` varchar(100) NOT NULL,
  `idcourse` varchar(8) NOT NULL
) ENGINE=InnoDB DEFAULT CHARSET=utf8mb4 COLLATE=utf8mb4_general_ci;

--
-- Dumping data for table `opencourse`
--

INSERT INTO `opencourse` (`id`, `name`, `idcourse`) VALUES
(3, 'ปกติ', 'SC363001'),
(4, 'โครงการพิเศษ', 'SC363001'),
(5, 'ปกติ', 'CP341005'),
(6, 'ปกติ', 'SC362102'),
(7, 'โครงการพิเศษ', 'SC362102');

-- --------------------------------------------------------

--
-- Table structure for table `points`
--

CREATE TABLE `points` (
  `id` int(11) NOT NULL,
  `stdid` varchar(11) NOT NULL,
  `teachid` varchar(100) DEFAULT NULL,
  `idtitelwork` int(11) NOT NULL,
  `point` int(11) NOT NULL,
  `create_at` timestamp NOT NULL DEFAULT current_timestamp(),
  `update_at` timestamp NOT NULL DEFAULT '1998-12-31 17:00:00' ON UPDATE current_timestamp(),
  `delete_at` timestamp NOT NULL DEFAULT '1998-12-31 17:00:00'
) ENGINE=InnoDB DEFAULT CHARSET=utf8mb4 COLLATE=utf8mb4_general_ci;

--
-- Dumping data for table `points`
--

INSERT INTO `points` (`id`, `stdid`, `teachid`, `idtitelwork`, `point`, `create_at`, `update_at`, `delete_at`) VALUES
(18, '653380006-0', 'Auntima Phalabud', 14, 10, '2024-07-02 07:26:53', '2024-07-09 03:12:31', '1998-12-31 17:00:00'),
(19, '653380249-4', 'Panupat Phonyiam', 14, 10, '2024-07-02 07:27:37', '2024-07-02 07:27:37', '1998-12-31 17:00:00'),
(20, '653380253-3', 'Panupat Phonyiam', 14, 10, '2024-07-02 07:27:47', '2024-07-02 07:27:47', '1998-12-31 17:00:00'),
(21, '653380102-4', 'Panupat Phonyiam', 14, 10, '2024-07-02 07:28:00', '2024-07-02 07:28:00', '1998-12-31 17:00:00'),
(22, '653380251-7', 'Panupat Phonyiam', 14, 10, '2024-07-02 07:28:12', '2024-07-02 07:28:12', '1998-12-31 17:00:00'),
(23, '653380111-3', 'Panupat Phonyiam', 14, 10, '2024-07-02 07:28:24', '2024-07-02 07:28:24', '1998-12-31 17:00:00'),
(24, '643020402-8', 'Auntima Phalabud', 14, 10, '2024-07-02 07:28:32', '2024-07-02 07:28:32', '1998-12-31 17:00:00'),
(25, '653380096-3', 'Auntima Phalabud', 14, 10, '2024-07-02 07:42:33', '2024-07-02 07:42:33', '1998-12-31 17:00:00'),
(26, '653380116-3', 'Auntima Phalabud', 14, 10, '2024-07-02 07:42:42', '2024-07-07 03:27:46', '1998-12-31 17:00:00'),
(27, '653380112-1', 'Auntima Phalabud', 14, 10, '2024-07-02 07:42:51', '2024-07-07 03:27:49', '1998-12-31 17:00:00'),
(28, '653380115-5', 'Auntima Phalabud', 14, 10, '2024-07-02 07:42:58', '2024-07-07 03:27:52', '1998-12-31 17:00:00'),
(29, '653380090-5', 'Auntima Phalabud', 14, 10, '2024-07-02 07:44:10', '2024-07-09 03:12:34', '1998-12-31 17:00:00'),
(30, '653380005-2', 'Auntima Phalabud', 14, 10, '2024-07-02 07:44:17', '2024-07-09 03:12:35', '1998-12-31 17:00:00'),
(31, '653380104-0', 'Auntima Phalabud', 14, 10, '2024-07-02 07:44:24', '2024-07-09 03:12:37', '1998-12-31 17:00:00'),
(32, '653380002-8', 'Auntima Phalabud', 14, 10, '2024-07-02 07:44:31', '2024-07-09 03:12:39', '1998-12-31 17:00:00'),
(33, '653380105-8', 'Auntima Phalabud', 14, 10, '2024-07-02 07:46:37', '2024-07-07 03:27:55', '1998-12-31 17:00:00'),
(34, '653380113-9', 'Auntima Phalabud', 14, 10, '2024-07-02 07:46:46', '2024-07-07 03:28:01', '1998-12-31 17:00:00'),
(35, '653380008-6', 'Auntima Phalabud', 14, 10, '2024-07-02 07:46:59', '2024-07-07 03:28:05', '1998-12-31 17:00:00'),
(36, '653380085-8', 'Auntima Phalabud', 14, 10, '2024-07-02 07:47:59', '2024-07-02 07:47:59', '1998-12-31 17:00:00'),
(37, '653380004-4', 'Auntima Phalabud', 14, 10, '2024-07-02 08:57:30', '2024-07-02 08:57:30', '1998-12-31 17:00:00'),
(38, '653380010-9', 'Auntima Phalabud', 14, 10, '2024-07-02 08:57:42', '2024-07-02 08:57:42', '1998-12-31 17:00:00'),
(39, '653380101-6', 'Auntima Phalabud', 14, 10, '2024-07-02 09:00:13', '2024-07-02 09:00:13', '1998-12-31 17:00:00'),
(40, '653380118-9', 'Auntima Phalabud', 14, 10, '2024-07-02 09:00:21', '2024-07-02 09:00:21', '1998-12-31 17:00:00'),
(41, '653380095-5', 'Auntima Phalabud', 14, 10, '2024-07-02 09:00:29', '2024-07-02 09:00:29', '1998-12-31 17:00:00'),
(42, '653380092-1', 'Auntima Phalabud', 14, 10, '2024-07-02 09:00:39', '2024-07-02 09:00:39', '1998-12-31 17:00:00'),
(43, '653380013-3', 'Auntima Phalabud', 14, 10, '2024-07-02 09:00:49', '2024-07-02 09:00:49', '1998-12-31 17:00:00'),
(44, '653380093-9', 'Auntima Phalabud', 14, 10, '2024-07-02 09:01:30', '2024-07-02 09:01:30', '1998-12-31 17:00:00'),
(45, '653380260-6', 'Auntima Phalabud', 14, 10, '2024-07-02 09:01:41', '2024-07-02 09:01:41', '1998-12-31 17:00:00'),
(46, '653380011-7', 'Auntima Phalabud', 14, 10, '2024-07-02 09:01:54', '2024-07-02 09:01:54', '1998-12-31 17:00:00'),
(47, '653380252-5', 'Auntima Phalabud', 14, 10, '2024-07-02 09:02:03', '2024-07-02 09:02:03', '1998-12-31 17:00:00'),
(48, '653380254-1', 'Auntima Phalabud', 14, 10, '2024-07-02 09:02:13', '2024-07-02 09:02:13', '1998-12-31 17:00:00'),
(49, '653380107-4', 'Auntima Phalabud', 14, 10, '2024-07-02 09:02:22', '2024-07-02 09:02:22', '1998-12-31 17:00:00'),
(50, '653380245-2', 'Auntima Phalabud', 14, 10, '2024-07-02 09:02:31', '2024-07-02 09:02:31', '1998-12-31 17:00:00'),
(51, '653380257-5', 'Auntima Phalabud', 14, 10, '2024-07-02 09:04:22', '2024-07-02 09:04:22', '1998-12-31 17:00:00'),
(52, '643020402-8', 'Supphitan Paksawad', 15, 10, '2024-07-02 14:18:29', '2024-07-02 14:18:29', '1998-12-31 17:00:00'),
(53, '653380246-0', 'Kamonwan Homsombat', 14, 10, '2024-07-03 08:49:52', '2024-07-03 08:49:52', '1998-12-31 17:00:00'),
(54, '653380256-7', 'Kamonwan Homsombat', 14, 10, '2024-07-03 08:50:29', '2024-07-03 08:50:29', '1998-12-31 17:00:00'),
(55, '653380248-6', 'Kamonwan Homsombat', 14, 10, '2024-07-03 08:50:47', '2024-07-03 08:50:47', '1998-12-31 17:00:00'),
(56, '653380099-7', 'Kamonwan Homsombat', 14, 10, '2024-07-03 08:51:09', '2024-07-03 08:51:09', '1998-12-31 17:00:00'),
(57, '653380100-8', 'Kamonwan Homsombat', 14, 10, '2024-07-03 08:51:18', '2024-07-03 08:51:18', '1998-12-31 17:00:00'),
(58, '653380308-4', 'Pimnapa Sriboonreuang', 14, 10, '2024-07-03 09:11:42', '2024-07-03 09:11:42', '1998-12-31 17:00:00'),
(59, '653380295-7', 'Kanuengnid Sanyothaka', 14, 10, '2024-07-03 09:17:48', '2024-07-03 09:17:48', '1998-12-31 17:00:00'),
(60, '653380298-1', 'Pimnapa Sriboonreuang', 14, 10, '2024-07-03 09:20:28', '2024-07-03 09:20:28', '1998-12-31 17:00:00'),
(61, '653380039-5', 'Supphitan Paksawad', 14, 10, '2024-07-03 09:22:22', '2024-07-03 09:22:22', '1998-12-31 17:00:00'),
(62, '653380178-1', 'Kanuengnid Sanyothaka', 14, 10, '2024-07-03 09:24:09', '2024-07-03 09:24:09', '1998-12-31 17:00:00'),
(63, '653380180-4', 'Kanuengnid Sanyothaka', 14, 10, '2024-07-03 09:25:42', '2024-07-03 09:25:42', '1998-12-31 17:00:00'),
(64, '653380031-1', 'Supphitan Paksawad', 14, 10, '2024-07-03 09:27:03', '2024-07-03 09:27:03', '1998-12-31 17:00:00'),
(65, '653380369-4', 'Kanuengnid Sanyothaka', 14, 10, '2024-07-03 09:27:25', '2024-07-03 09:27:25', '1998-12-31 17:00:00'),
(66, '653380293-1', 'Pimnapa Sriboonreuang', 14, 10, '2024-07-03 09:27:26', '2024-07-03 09:27:26', '1998-12-31 17:00:00'),
(67, '653380034-5', 'Supphitan Paksawad', 14, 10, '2024-07-03 09:27:27', '2024-07-03 09:27:27', '1998-12-31 17:00:00'),
(68, '653380032-9', 'Supphitan Paksawad', 14, 10, '2024-07-03 09:30:27', '2024-07-03 09:30:27', '1998-12-31 17:00:00'),
(69, '653380370-9', 'Kanuengnid Sanyothaka', 14, 10, '2024-07-03 09:30:51', '2024-07-03 09:30:51', '1998-12-31 17:00:00'),
(70, '653380179-9', 'Kanuengnid Sanyothaka', 14, 10, '2024-07-03 09:32:40', '2024-07-03 09:32:40', '1998-12-31 17:00:00'),
(71, '653380037-9', 'Supphitan Paksawad', 14, 10, '2024-07-03 09:33:59', '2024-07-03 09:33:59', '1998-12-31 17:00:00'),
(72, '653380176-5', 'Pimnapa Sriboonreuang', 14, 10, '2024-07-03 09:34:38', '2024-07-03 09:34:38', '1998-12-31 17:00:00'),
(73, '653380038-7', 'Kanuengnid Sanyothaka', 14, 10, '2024-07-03 09:36:28', '2024-07-03 09:36:28', '1998-12-31 17:00:00'),
(74, '653380312-3', 'Supphitan Paksawad', 14, 10, '2024-07-03 09:38:30', '2024-07-03 09:38:30', '1998-12-31 17:00:00'),
(75, '653380297-3', 'Pimnapa Sriboonreuang', 14, 10, '2024-07-03 09:38:40', '2024-07-03 09:38:40', '1998-12-31 17:00:00'),
(76, '653380181-2', 'Kanuengnid Sanyothaka', 14, 10, '2024-07-03 09:39:18', '2024-07-03 09:39:18', '1998-12-31 17:00:00'),
(77, '653380309-2', 'Kanuengnid Sanyothaka', 14, 10, '2024-07-03 09:42:49', '2024-07-03 09:42:49', '1998-12-31 17:00:00'),
(78, '653380040-0', 'Supphitan Paksawad', 14, 10, '2024-07-03 09:45:23', '2024-07-03 09:45:23', '1998-12-31 17:00:00'),
(79, '653380173-1', 'Kamonwan Homsombat', 14, 10, '2024-07-03 09:49:50', '2024-07-03 09:49:50', '1998-12-31 17:00:00'),
(80, '653380041-8', 'Kamonwan Homsombat', 14, 10, '2024-07-03 09:50:14', '2024-07-03 09:50:14', '1998-12-31 17:00:00'),
(81, '653380035-3', 'Kamonwan Homsombat', 14, 10, '2024-07-03 09:50:29', '2024-07-03 09:50:29', '1998-12-31 17:00:00'),
(82, '653380299-9', 'Kamonwan Homsombat', 14, 10, '2024-07-03 09:50:43', '2024-07-03 09:50:43', '1998-12-31 17:00:00'),
(83, '653380033-7', 'Kamonwan Homsombat', 14, 10, '2024-07-03 09:51:35', '2024-07-03 09:51:35', '1998-12-31 17:00:00'),
(84, '653380302-6', 'Kamonwan Homsombat', 14, 10, '2024-07-03 09:51:59', '2024-07-03 09:51:59', '1998-12-31 17:00:00'),
(85, '663380106-7', 'Kanuengnid Sanyothaka', 16, 10, '2024-07-04 03:59:27', '2024-07-04 03:59:27', '1998-12-31 17:00:00'),
(86, '663380459-4', 'Supphitan Paksawad', 16, 10, '2024-07-04 04:12:19', '2024-07-04 04:12:19', '1998-12-31 17:00:00'),
(87, '663380467-5', 'Auntima Phalabud', 16, 10, '2024-07-04 04:17:34', '2024-07-04 04:17:34', '1998-12-31 17:00:00'),
(88, '663380131-8', 'Panupat Phonyiam', 16, 10, '2024-07-04 04:17:44', '2024-07-04 04:17:44', '1998-12-31 17:00:00'),
(89, '663380478-0', 'Auntima Phalabud', 16, 10, '2024-07-04 04:17:53', '2024-07-04 04:17:53', '1998-12-31 17:00:00'),
(90, '663380135-0', 'Panupat Phonyiam', 16, 10, '2024-07-04 04:19:25', '2024-07-04 04:19:25', '1998-12-31 17:00:00'),
(91, '663380119-8', 'Panupat Phonyiam', 16, 10, '2024-07-04 04:20:16', '2024-07-04 04:20:16', '1998-12-31 17:00:00'),
(92, '663380455-2', 'Supphitan Paksawad', 16, 10, '2024-07-04 04:20:27', '2024-07-04 04:20:27', '1998-12-31 17:00:00'),
(93, '663380450-2', 'Panupat Phonyiam', 16, 10, '2024-07-04 04:20:42', '2024-07-04 04:20:42', '1998-12-31 17:00:00'),
(94, '663380463-3', 'Auntima Phalabud', 16, 10, '2024-07-04 04:21:52', '2024-07-04 04:21:52', '1998-12-31 17:00:00'),
(95, '663380475-6', 'Panupat Phonyiam', 16, 10, '2024-07-04 04:22:05', '2024-07-04 04:22:05', '1998-12-31 17:00:00'),
(96, '663380112-2', 'Panupat Phonyiam', 16, 10, '2024-07-04 04:22:59', '2024-07-04 04:22:59', '1998-12-31 17:00:00'),
(97, '663380096-4', 'Panupat Phonyiam', 16, 10, '2024-07-04 04:23:17', '2024-07-04 04:23:17', '1998-12-31 17:00:00'),
(98, '663380102-5', 'Auntima Phalabud', 16, 10, '2024-07-04 04:23:37', '2024-07-04 04:23:37', '1998-12-31 17:00:00'),
(99, '663380121-1', 'Panupat Phonyiam', 16, 10, '2024-07-04 04:25:07', '2024-07-04 04:25:07', '1998-12-31 17:00:00'),
(100, '663380479-8', 'Auntima Phalabud', 16, 10, '2024-07-04 04:27:04', '2024-07-04 04:27:04', '1998-12-31 17:00:00'),
(101, '663380453-6', 'Auntima Phalabud', 16, 10, '2024-07-04 04:30:12', '2024-07-04 04:30:12', '1998-12-31 17:00:00'),
(102, '663380130-0', 'Panupat Phonyiam', 16, 10, '2024-07-04 04:35:04', '2024-07-04 04:35:04', '1998-12-31 17:00:00'),
(103, '663380108-3', 'Auntima Phalabud', 16, 10, '2024-07-04 04:35:06', '2024-07-04 04:35:06', '1998-12-31 17:00:00'),
(104, '663380114-8', 'Supphitan Paksawad', 16, 10, '2024-07-04 04:36:31', '2024-07-04 04:36:31', '1998-12-31 17:00:00'),
(105, '663380120-3', 'Supphitan Paksawad', 16, 10, '2024-07-04 04:36:56', '2024-07-04 04:36:56', '1998-12-31 17:00:00'),
(106, '663380451-0', 'Panupat Phonyiam', 16, 10, '2024-07-04 04:36:59', '2024-07-04 04:36:59', '1998-12-31 17:00:00'),
(107, '663380476-4', 'Panupat Phonyiam', 16, 10, '2024-07-04 04:38:32', '2024-07-04 04:36:59', '1998-12-31 17:00:00'),
(108, '663380125-3', 'Panupat Phonyiam', 16, 10, '2024-07-04 04:36:59', '2024-07-04 04:36:59', '1998-12-31 17:00:00'),
(109, '663380122-9', 'Auntima Phalabud', 16, 10, '2024-07-04 04:39:55', '2024-07-04 04:39:55', '1998-12-31 17:00:00'),
(110, '663380446-3', 'Auntima Phalabud', 16, 10, '2024-07-04 04:42:29', '2024-07-04 04:42:29', '1998-12-31 17:00:00'),
(111, '663380462-5', 'Supphitan Paksawad', 16, 10, '2024-07-04 04:42:44', '2024-07-04 04:42:44', '1998-12-31 17:00:00'),
(112, '663380482-9', 'Supphitan Paksawad', 16, 10, '2024-07-04 04:46:49', '2024-07-04 04:46:49', '1998-12-31 17:00:00'),
(113, '653380086-6', 'Kanuengnid Sanyothaka', 14, 10, '2024-07-04 08:09:19', '2024-07-04 08:09:19', '1998-12-31 17:00:00'),
(114, '653380087-4', 'Kanuengnid Sanyothaka', 14, 10, '2024-07-04 08:09:38', '2024-07-04 08:09:38', '1998-12-31 17:00:00'),
(115, '653380089-0', 'Kanuengnid Sanyothaka', 14, 10, '2024-07-04 08:09:51', '2024-07-04 08:09:51', '1998-12-31 17:00:00'),
(116, '653380108-2', 'Kanuengnid Sanyothaka', 14, 10, '2024-07-04 08:10:03', '2024-07-04 08:10:03', '1998-12-31 17:00:00'),
(117, '653380091-3', 'Kanuengnid Sanyothaka', 14, 10, '2024-07-04 08:10:25', '2024-07-04 08:10:25', '1998-12-31 17:00:00'),
(118, '653380106-6', 'Kanuengnid Sanyothaka', 14, 10, '2024-07-04 08:10:44', '1998-12-31 17:00:00', '1998-12-31 17:00:00'),
(119, '653380003-6', 'Kanuengnid Sanyothaka', 14, 10, '2024-07-04 08:10:55', '1998-12-31 17:00:00', '1998-12-31 17:00:00'),
(120, '653380094-7', 'Kanuengnid Sanyothaka', 14, 10, '2024-07-04 08:11:08', '1998-12-31 17:00:00', '1998-12-31 17:00:00'),
(121, '653380110-5', 'Kanuengnid Sanyothaka', 14, 10, '2024-07-04 08:11:20', '1998-12-31 17:00:00', '1998-12-31 17:00:00'),
(122, '653380009-4', 'Kanuengnid Sanyothaka', 14, 10, '2024-07-04 08:11:35', '1998-12-31 17:00:00', '1998-12-31 17:00:00'),
(123, '653380088-2', 'Kanuengnid Sanyothaka', 14, 10, '2024-07-04 08:11:48', '1998-12-31 17:00:00', '1998-12-31 17:00:00'),
(124, '653380012-5', 'Kanuengnid Sanyothaka', 14, 10, '2024-07-04 08:11:59', '1998-12-31 17:00:00', '1998-12-31 17:00:00'),
(125, '653380109-0', 'Kanuengnid Sanyothaka', 14, 10, '2024-07-04 08:12:10', '1998-12-31 17:00:00', '1998-12-31 17:00:00'),
(126, '663380136-8', 'Kanuengnid Sanyothaka', 16, 10, '2024-07-04 08:12:35', '1998-12-31 17:00:00', '1998-12-31 17:00:00'),
(127, '663380094-8', 'Kanuengnid Sanyothaka', 16, 10, '2024-07-04 08:12:49', '1998-12-31 17:00:00', '1998-12-31 17:00:00'),
(128, '663380465-9', 'Kanuengnid Sanyothaka', 16, 10, '2024-07-04 08:12:58', '1998-12-31 17:00:00', '1998-12-31 17:00:00'),
(129, '663380129-5', 'Kanuengnid Sanyothaka', 16, 10, '2024-07-04 08:13:12', '1998-12-31 17:00:00', '1998-12-31 17:00:00'),
(130, '663380141-5', 'Kanuengnid Sanyothaka', 16, 10, '2024-07-04 08:13:23', '1998-12-31 17:00:00', '1998-12-31 17:00:00'),
(131, '663380471-4', 'Kanuengnid Sanyothaka', 16, 10, '2024-07-04 08:13:36', '1998-12-31 17:00:00', '1998-12-31 17:00:00'),
(132, '663380124-5', 'Kanuengnid Sanyothaka', 16, 10, '2024-07-04 08:13:45', '1998-12-31 17:00:00', '1998-12-31 17:00:00'),
(133, '663380447-1', 'Kanuengnid Sanyothaka', 16, 10, '2024-07-04 08:13:57', '1998-12-31 17:00:00', '1998-12-31 17:00:00'),
(134, '663380118-0', 'Kanuengnid Sanyothaka', 16, 10, '2024-07-04 08:14:08', '1998-12-31 17:00:00', '1998-12-31 17:00:00'),
(135, '663380113-0', 'Kanuengnid Sanyothaka', 16, 10, '2024-07-04 08:14:19', '1998-12-31 17:00:00', '1998-12-31 17:00:00'),
(136, '663380340-9', 'Seubsak Sriboon', 17, 10, '2024-07-04 09:55:39', '1998-12-31 17:00:00', '1998-12-31 17:00:00'),
(137, '663380366-1', 'Seubsak Sriboon', 17, 10, '2024-07-04 09:56:54', '1998-12-31 17:00:00', '1998-12-31 17:00:00'),
(138, '663380562-1', 'Seubsak Sriboon', 17, 10, '2024-07-04 09:57:48', '1998-12-31 17:00:00', '1998-12-31 17:00:00'),
(139, '663380574-4', 'Seubsak Sriboon', 17, 10, '2024-07-04 09:58:43', '1998-12-31 17:00:00', '1998-12-31 17:00:00'),
(140, '663380561-3', 'Seubsak Sriboon', 17, 10, '2024-07-04 10:00:00', '1998-12-31 17:00:00', '1998-12-31 17:00:00'),
(141, '663380342-5', 'Supphitan Paksawad', 17, 10, '2024-07-04 10:00:04', '1998-12-31 17:00:00', '1998-12-31 17:00:00'),
(142, '663380044-3', 'Supphitan Paksawad', 17, 10, '2024-07-04 10:00:41', '1998-12-31 17:00:00', '1998-12-31 17:00:00'),
(143, '663380346-7', 'Seubsak Sriboon', 17, 10, '2024-07-04 10:00:59', '1998-12-31 17:00:00', '1998-12-31 17:00:00'),
(144, '663380570-2', 'Saowalak Priabdeesud', 17, 10, '2024-07-04 10:01:00', '1998-12-31 17:00:00', '1998-12-31 17:00:00'),
(145, '663380370-0', 'Supphitan Paksawad', 17, 10, '2024-07-04 10:01:13', '1998-12-31 17:00:00', '1998-12-31 17:00:00'),
(146, '663380636-8', 'Supphitan Paksawad', 17, 10, '2024-07-04 10:01:39', '1998-12-31 17:00:00', '1998-12-31 17:00:00'),
(147, '663380559-0', 'Seubsak Sriboon', 17, 10, '2024-07-04 10:02:21', '1998-12-31 17:00:00', '1998-12-31 17:00:00'),
(148, '663380571-0', 'Saowalak Priabdeesud', 17, 10, '2024-07-04 10:02:28', '1998-12-31 17:00:00', '1998-12-31 17:00:00'),
(149, '663380633-4', 'Supphitan Paksawad', 17, 10, '2024-07-04 10:02:47', '1998-12-31 17:00:00', '1998-12-31 17:00:00'),
(150, '663380367-9', 'Supphitan Paksawad', 17, 10, '2024-07-04 10:04:50', '1998-12-31 17:00:00', '1998-12-31 17:00:00'),
(151, '663380337-8', 'Saowalak Priabdeesud', 17, 10, '2024-07-04 10:11:51', '1998-12-31 17:00:00', '1998-12-31 17:00:00'),
(152, '663380343-3', 'Supphitan Paksawad', 17, 10, '2024-07-04 10:13:25', '1998-12-31 17:00:00', '1998-12-31 17:00:00'),
(153, '633021085-8', 'Seubsak Sriboon', 17, 10, '2024-07-04 10:48:16', '1998-12-31 17:00:00', '1998-12-31 17:00:00'),
(154, '633021103-2', 'Seubsak Sriboon', 17, 10, '2024-07-04 10:48:24', '1998-12-31 17:00:00', '1998-12-31 17:00:00'),
(155, '663380187-1', 'Seubsak Sriboon', 17, 10, '2024-07-04 11:47:14', '1998-12-31 17:00:00', '1998-12-31 17:00:00'),
(156, '663380175-8', 'Seubsak Sriboon', 17, 10, '2024-07-04 11:51:53', '1998-12-31 17:00:00', '1998-12-31 17:00:00'),
(157, '663380496-8', 'Supphitan Paksawad', 17, 10, '2024-07-04 11:52:34', '1998-12-31 17:00:00', '1998-12-31 17:00:00'),
(158, '663380185-5', 'Saowalak Priabdeesud', 17, 10, '2024-07-04 11:53:33', '1998-12-31 17:00:00', '1998-12-31 17:00:00'),
(159, '663380160-1', 'Seubsak Sriboon', 17, 10, '2024-07-04 11:59:01', '1998-12-31 17:00:00', '1998-12-31 17:00:00'),
(160, '663380188-9', 'Saowalak Priabdeesud', 17, 10, '2024-07-04 11:59:34', '1998-12-31 17:00:00', '1998-12-31 17:00:00'),
(161, '663380169-3', 'Supphitan Paksawad', 17, 10, '2024-07-04 11:59:55', '1998-12-31 17:00:00', '1998-12-31 17:00:00'),
(162, '663380190-2', 'Saowalak Priabdeesud', 17, 10, '2024-07-04 12:00:06', '1998-12-31 17:00:00', '1998-12-31 17:00:00'),
(163, '663380161-9', 'Saowalak Priabdeesud', 17, 10, '2024-07-04 12:00:15', '1998-12-31 17:00:00', '1998-12-31 17:00:00'),
(164, '663380174-0', 'Supphitan Paksawad', 17, 10, '2024-07-04 12:00:48', '1998-12-31 17:00:00', '1998-12-31 17:00:00'),
(165, '663380189-7', 'Saowalak Priabdeesud', 17, 10, '2024-07-04 12:01:15', '1998-12-31 17:00:00', '1998-12-31 17:00:00'),
(166, '643020423-0', 'Seubsak Sriboon', 17, 10, '2024-07-04 12:01:23', '1998-12-31 17:00:00', '1998-12-31 17:00:00'),
(167, '663380182-1', 'Supphitan Paksawad', 17, 10, '2024-07-04 12:02:02', '1998-12-31 17:00:00', '1998-12-31 17:00:00'),
(168, '663380487-9', 'Saowalak Priabdeesud', 17, 10, '2024-07-04 12:02:10', '1998-12-31 17:00:00', '1998-12-31 17:00:00'),
(169, '643020405-2', 'Seubsak Sriboon', 17, 10, '2024-07-04 12:02:18', '1998-12-31 17:00:00', '1998-12-31 17:00:00'),
(170, '663380488-7', 'Supphitan Paksawad', 17, 10, '2024-07-04 12:03:22', '1998-12-31 17:00:00', '1998-12-31 17:00:00'),
(171, '643020388-6', 'Seubsak Sriboon', 17, 10, '2024-07-04 12:03:24', '1998-12-31 17:00:00', '1998-12-31 17:00:00'),
(172, '663380196-0', 'Saowalak Priabdeesud', 17, 10, '2024-07-04 12:03:28', '1998-12-31 17:00:00', '1998-12-31 17:00:00'),
(173, '663380501-1', 'Seubsak Sriboon', 17, 10, '2024-07-04 12:04:26', '1998-12-31 17:00:00', '1998-12-31 17:00:00'),
(174, '663380151-2', 'Supphitan Paksawad', 17, 10, '2024-07-04 12:04:35', '1998-12-31 17:00:00', '1998-12-31 17:00:00'),
(175, '663380170-8', 'Seubsak Sriboon', 17, 10, '2024-07-04 12:06:16', '1998-12-31 17:00:00', '1998-12-31 17:00:00'),
(176, '663380183-9', 'Seubsak Sriboon', 17, 10, '2024-07-04 12:06:35', '1998-12-31 17:00:00', '1998-12-31 17:00:00'),
(177, '663380148-1', 'Supphitan Paksawad', 17, 10, '2024-07-04 12:06:51', '1998-12-31 17:00:00', '1998-12-31 17:00:00'),
(178, '663380497-6', 'Seubsak Sriboon', 17, 10, '2024-07-04 12:07:15', '1998-12-31 17:00:00', '1998-12-31 17:00:00'),
(179, '663380152-0', 'Supphitan Paksawad', 17, 10, '2024-07-04 12:07:24', '1998-12-31 17:00:00', '1998-12-31 17:00:00'),
(180, '663380166-9', 'Seubsak Sriboon', 17, 10, '2024-07-04 12:07:30', '1998-12-31 17:00:00', '1998-12-31 17:00:00'),
(181, '663380172-4', 'Supphitan Paksawad', 17, 10, '2024-07-04 12:08:28', '1998-12-31 17:00:00', '1998-12-31 17:00:00'),
(182, '663380495-0', 'Saowalak Priabdeesud', 17, 10, '2024-07-04 12:10:34', '1998-12-31 17:00:00', '1998-12-31 17:00:00'),
(183, '663380138-4', 'Kamonwan Homsombat', 16, 10, '2024-07-07 14:09:58', '1998-12-31 17:00:00', '1998-12-31 17:00:00'),
(184, '663380470-6', 'Kamonwan Homsombat', 16, 10, '2024-07-07 14:12:42', '1998-12-31 17:00:00', '1998-12-31 17:00:00'),
(185, '663380104-1', 'Kamonwan Homsombat', 16, 10, '2024-07-07 14:12:54', '1998-12-31 17:00:00', '1998-12-31 17:00:00'),
(186, '663380445-5', 'Kamonwan Homsombat', 16, 10, '2024-07-07 14:13:05', '1998-12-31 17:00:00', '1998-12-31 17:00:00'),
(187, '663380115-6', 'Kamonwan Homsombat', 16, 10, '2024-07-07 14:13:30', '1998-12-31 17:00:00', '1998-12-31 17:00:00'),
(188, '663380449-7', 'Kamonwan Homsombat', 16, 10, '2024-07-07 14:13:41', '1998-12-31 17:00:00', '1998-12-31 17:00:00'),
(189, '663380123-7', 'Kamonwan Homsombat', 16, 10, '2024-07-07 14:13:51', '1998-12-31 17:00:00', '1998-12-31 17:00:00'),
(190, '663380473-0', 'Kamonwan Homsombat', 16, 10, '2024-07-07 14:14:01', '1998-12-31 17:00:00', '1998-12-31 17:00:00'),
(191, '663380117-2', 'Kamonwan Homsombat', 16, 10, '2024-07-07 14:14:11', '1998-12-31 17:00:00', '1998-12-31 17:00:00'),
(192, '653380005-2', 'Auntima Phalabud', 18, 10, '2024-07-09 07:27:18', '1998-12-31 17:00:00', '1998-12-31 17:00:00'),
(193, '653380086-6', 'Kanuengnid Sanyothaka', 18, 10, '2024-07-09 07:32:09', '1998-12-31 17:00:00', '1998-12-31 17:00:00'),
(194, '653380087-4', 'Kanuengnid Sanyothaka', 18, 10, '2024-07-09 07:32:23', '1998-12-31 17:00:00', '1998-12-31 17:00:00'),
(195, '653380119-7', 'Kanuengnid Sanyothaka', 18, 10, '2024-07-09 07:32:30', '1998-12-31 17:00:00', '1998-12-31 17:00:00'),
(196, '653380089-0', 'Kanuengnid Sanyothaka', 18, 10, '2024-07-09 07:32:39', '1998-12-31 17:00:00', '1998-12-31 17:00:00'),
(197, '653380108-2', 'Kanuengnid Sanyothaka', 18, 10, '2024-07-09 07:32:48', '1998-12-31 17:00:00', '1998-12-31 17:00:00'),
(198, '653380013-3', 'Siraprapa Patta', 18, 10, '2024-07-09 07:34:47', '1998-12-31 17:00:00', '1998-12-31 17:00:00'),
(199, '653380257-5', 'Siraprapa Patta', 18, 10, '2024-07-09 07:35:01', '1998-12-31 17:00:00', '1998-12-31 17:00:00'),
(200, '653380260-6', 'Siraprapa Patta', 18, 10, '2024-07-09 07:35:14', '1998-12-31 17:00:00', '1998-12-31 17:00:00'),
(201, '653380093-9', 'Siraprapa Patta', 18, 10, '2024-07-09 07:35:26', '1998-12-31 17:00:00', '1998-12-31 17:00:00'),
(202, '653380119-7', 'Kanuengnid Sanyothaka', 14, 10, '2024-07-09 07:44:01', '1998-12-31 17:00:00', '1998-12-31 17:00:00'),
(203, '653380251-7', 'Auntima Phalabud', 18, 10, '2024-07-09 07:46:29', '1998-12-31 17:00:00', '1998-12-31 17:00:00'),
(204, '653380253-3', 'Auntima Phalabud', 18, 10, '2024-07-09 07:46:36', '1998-12-31 17:00:00', '1998-12-31 17:00:00'),
(205, '653380011-7', 'Kanuengnid Sanyothaka', 18, 10, '2024-07-09 07:47:07', '1998-12-31 17:00:00', '1998-12-31 17:00:00'),
(206, '653380091-3', 'Kanuengnid Sanyothaka', 18, 10, '2024-07-09 07:47:16', '1998-12-31 17:00:00', '1998-12-31 17:00:00'),
(207, '653380252-5', 'Kanuengnid Sanyothaka', 18, 10, '2024-07-09 07:48:18', '1998-12-31 17:00:00', '1998-12-31 17:00:00'),
(208, '653380254-1', 'Kanuengnid Sanyothaka', 18, 10, '2024-07-09 07:49:40', '1998-12-31 17:00:00', '1998-12-31 17:00:00'),
(209, '653380256-7', 'Supphitan Paksawad', 18, 10, '2024-07-09 07:50:17', '1998-12-31 17:00:00', '1998-12-31 17:00:00'),
(210, '653380248-6', 'Supphitan Paksawad', 18, 10, '2024-07-09 07:50:27', '1998-12-31 17:00:00', '1998-12-31 17:00:00'),
(211, '653380100-8', 'Supphitan Paksawad', 18, 10, '2024-07-09 07:50:33', '1998-12-31 17:00:00', '1998-12-31 17:00:00'),
(212, '653380099-7', 'Supphitan Paksawad', 18, 10, '2024-07-09 07:50:40', '1998-12-31 17:00:00', '1998-12-31 17:00:00'),
(213, '653380113-9', 'Supphitan Paksawad', 18, 10, '2024-07-09 07:51:22', '1998-12-31 17:00:00', '1998-12-31 17:00:00'),
(214, '653380012-5', 'Supphitan Paksawad', 18, 10, '2024-07-09 07:51:30', '1998-12-31 17:00:00', '1998-12-31 17:00:00'),
(215, '653380109-0', 'Supphitan Paksawad', 18, 10, '2024-07-09 07:51:36', '1998-12-31 17:00:00', '1998-12-31 17:00:00'),
(216, '653380002-8', 'Supphitan Paksawad', 18, 10, '2024-07-09 07:51:42', '1998-12-31 17:00:00', '1998-12-31 17:00:00'),
(217, '653380008-6', 'Supphitan Paksawad', 18, 10, '2024-07-09 07:51:51', '1998-12-31 17:00:00', '1998-12-31 17:00:00'),
(218, '653380112-1', 'Auntima Phalabud', 18, 10, '2024-07-09 07:52:39', '1998-12-31 17:00:00', '1998-12-31 17:00:00'),
(219, '653380104-0', 'Auntima Phalabud', 18, 10, '2024-07-09 07:52:47', '1998-12-31 17:00:00', '1998-12-31 17:00:00'),
(220, '653380090-5', 'Auntima Phalabud', 18, 10, '2024-07-09 07:52:56', '1998-12-31 17:00:00', '1998-12-31 17:00:00'),
(221, '653380085-8', 'Auntima Phalabud', 18, 10, '2024-07-09 07:53:02', '1998-12-31 17:00:00', '1998-12-31 17:00:00'),
(222, '653380004-4', 'Auntima Phalabud', 18, 10, '2024-07-09 07:53:08', '1998-12-31 17:00:00', '1998-12-31 17:00:00'),
(223, '653380096-3', 'Siraprapa Patta', 18, 10, '2024-07-09 07:53:25', '1998-12-31 17:00:00', '1998-12-31 17:00:00'),
(224, '653380010-9', 'Supphitan Paksawad', 18, 10, '2024-07-09 07:53:44', '1998-12-31 17:00:00', '1998-12-31 17:00:00'),
(225, '653380009-4', 'Supphitan Paksawad', 18, 10, '2024-07-09 07:53:51', '1998-12-31 17:00:00', '1998-12-31 17:00:00'),
(226, '653380003-6', 'Supphitan Paksawad', 18, 10, '2024-07-09 07:53:57', '1998-12-31 17:00:00', '1998-12-31 17:00:00'),
(227, '653380110-5', 'Supphitan Paksawad', 18, 10, '2024-07-09 07:54:03', '1998-12-31 17:00:00', '1998-12-31 17:00:00'),
(228, '653380116-3', 'Siraprapa Patta', 18, 10, '2024-07-09 07:55:38', '1998-12-31 17:00:00', '1998-12-31 17:00:00'),
(229, '653380006-0', 'Panupat Phonyiam', 18, 10, '2024-07-09 09:33:49', '1998-12-31 17:00:00', '1998-12-31 17:00:00'),
(230, '653380105-8', 'Panupat Phonyiam', 18, 10, '2024-07-09 09:33:59', '1998-12-31 17:00:00', '1998-12-31 17:00:00'),
(231, '653380102-4', 'Panupat Phonyiam', 18, 10, '2024-07-09 09:34:08', '1998-12-31 17:00:00', '1998-12-31 17:00:00'),
(232, '653380111-3', 'Panupat Phonyiam', 18, 10, '2024-07-09 09:34:17', '1998-12-31 17:00:00', '1998-12-31 17:00:00'),
(233, '653380115-5', 'Panupat Phonyiam', 18, 10, '2024-07-09 09:34:24', '1998-12-31 17:00:00', '1998-12-31 17:00:00'),
(234, '653380038-7', 'Kanuengnid Sanyothaka', 18, 10, '2024-07-10 09:33:24', '1998-12-31 17:00:00', '1998-12-31 17:00:00'),
(235, '653380032-9', 'Kamonwan Homsombat', 18, 10, '2024-07-10 09:47:12', '1998-12-31 17:00:00', '1998-12-31 17:00:00'),
(236, '653380295-7', 'Kanuengnid Sanyothaka', 18, 10, '2024-07-10 09:50:33', '1998-12-31 17:00:00', '1998-12-31 17:00:00'),
(237, '653380037-9', 'Kanuengnid Sanyothaka', 18, 10, '2024-07-10 09:52:58', '1998-12-31 17:00:00', '1998-12-31 17:00:00'),
(238, '653380035-3', 'Kanuengnid Sanyothaka', 18, 10, '2024-07-10 09:56:27', '1998-12-31 17:00:00', '1998-12-31 17:00:00'),
(239, '653380370-9', 'Kanuengnid Sanyothaka', 18, 10, '2024-07-10 09:56:34', '1998-12-31 17:00:00', '1998-12-31 17:00:00'),
(240, '653380036-1', 'Kanuengnid Sanyothaka', 18, 10, '2024-07-10 09:56:41', '1998-12-31 17:00:00', '1998-12-31 17:00:00'),
(241, '653380041-8', 'Kanuengnid Sanyothaka', 18, 10, '2024-07-10 09:56:53', '1998-12-31 17:00:00', '1998-12-31 17:00:00'),
(242, '653380173-1', 'Kanuengnid Sanyothaka', 18, 10, '2024-07-10 09:56:59', '1998-12-31 17:00:00', '1998-12-31 17:00:00'),
(243, '653380034-5', 'Kamonwan Homsombat', 18, 10, '2024-07-10 09:57:50', '1998-12-31 17:00:00', '1998-12-31 17:00:00'),
(244, '653380302-6', 'Kamonwan Homsombat', 18, 10, '2024-07-10 09:59:25', '1998-12-31 17:00:00', '1998-12-31 17:00:00'),
(245, '653380299-9', 'Kamonwan Homsombat', 18, 10, '2024-07-10 10:00:23', '1998-12-31 17:00:00', '1998-12-31 17:00:00'),
(246, '653380312-3', 'Kanuengnid Sanyothaka', 18, 10, '2024-07-10 10:02:18', '1998-12-31 17:00:00', '1998-12-31 17:00:00'),
(247, '653380176-5', 'Kamonwan Homsombat', 18, 10, '2024-07-10 10:02:21', '1998-12-31 17:00:00', '1998-12-31 17:00:00'),
(248, '653380179-9', 'Kanuengnid Sanyothaka', 18, 10, '2024-07-10 10:02:25', '1998-12-31 17:00:00', '1998-12-31 17:00:00'),
(249, '653380297-3', 'Kamonwan Homsombat', 18, 10, '2024-07-10 10:02:31', '1998-12-31 17:00:00', '1998-12-31 17:00:00'),
(250, '653380309-2', 'Kanuengnid Sanyothaka', 18, 10, '2024-07-10 10:02:40', '1998-12-31 17:00:00', '1998-12-31 17:00:00'),
(251, '653380181-2', 'Kanuengnid Sanyothaka', 18, 10, '2024-07-10 10:02:50', '1998-12-31 17:00:00', '1998-12-31 17:00:00'),
(252, '653380039-5', 'Kamonwan Homsombat', 18, 10, '2024-07-10 10:03:55', '1998-12-31 17:00:00', '1998-12-31 17:00:00'),
(253, '653380033-7', 'Kamonwan Homsombat', 18, 10, '2024-07-10 10:04:02', '1998-12-31 17:00:00', '1998-12-31 17:00:00'),
(254, '653380031-1', 'Kamonwan Homsombat', 18, 10, '2024-07-10 10:04:11', '1998-12-31 17:00:00', '1998-12-31 17:00:00'),
(255, '653380040-0', 'Kanuengnid Sanyothaka', 18, 10, '2024-07-10 10:11:54', '1998-12-31 17:00:00', '1998-12-31 17:00:00'),
(256, '653380315-7', 'Kamonwan Homsombat', 18, 10, '2024-07-10 10:37:18', '1998-12-31 17:00:00', '1998-12-31 17:00:00'),
(257, '653380289-2', 'Kamonwan Homsombat', 18, 10, '2024-07-10 10:37:30', '1998-12-31 17:00:00', '1998-12-31 17:00:00'),
(258, '653380369-4', 'Kamonwan Homsombat', 18, 10, '2024-07-10 10:38:02', '1998-12-31 17:00:00', '1998-12-31 17:00:00'),
(259, '653380180-4', 'Kamonwan Homsombat', 18, 10, '2024-07-10 10:38:10', '1998-12-31 17:00:00', '1998-12-31 17:00:00'),
(260, '653380177-3', 'Kamonwan Homsombat', 18, 10, '2024-07-10 10:38:21', '1998-12-31 17:00:00', '1998-12-31 17:00:00'),
(261, '653380178-1', 'Kamonwan Homsombat', 18, 10, '2024-07-10 10:38:29', '1998-12-31 17:00:00', '1998-12-31 17:00:00'),
(262, '653380314-9', 'Kamonwan Homsombat', 18, 10, '2024-07-10 10:38:37', '1998-12-31 17:00:00', '1998-12-31 17:00:00'),
(263, '653380304-2', 'Kamonwan Homsombat', 18, 10, '2024-07-10 10:38:44', '1998-12-31 17:00:00', '1998-12-31 17:00:00'),
(264, '653380298-1', 'Kamonwan Homsombat', 18, 10, '2024-07-10 10:38:51', '1998-12-31 17:00:00', '1998-12-31 17:00:00'),
(265, '653380308-4', 'Kamonwan Homsombat', 18, 10, '2024-07-10 10:39:00', '1998-12-31 17:00:00', '1998-12-31 17:00:00'),
(266, '653380304-2', 'Kamonwan Homsombat', 14, 10, '2024-07-10 10:39:13', '1998-12-31 17:00:00', '1998-12-31 17:00:00'),
(267, '653380315-7', 'Kamonwan Homsombat', 14, 10, '2024-07-10 10:39:58', '1998-12-31 17:00:00', '1998-12-31 17:00:00'),
(268, '663380092-2', NULL, 19, 0, '2024-07-10 23:19:30', '1998-12-31 17:00:00', '1998-12-31 17:00:00'),
(269, '663380093-0', NULL, 19, 0, '2024-07-10 23:19:30', '1998-12-31 17:00:00', '1998-12-31 17:00:00'),
(270, '663380094-8', NULL, 19, 0, '2024-07-10 23:19:30', '1998-12-31 17:00:00', '1998-12-31 17:00:00'),
(271, '663380095-6', NULL, 19, 0, '2024-07-10 23:19:30', '1998-12-31 17:00:00', '1998-12-31 17:00:00'),
(272, '663380096-4', NULL, 19, 0, '2024-07-10 23:19:30', '1998-12-31 17:00:00', '1998-12-31 17:00:00'),
(273, '663380097-2', NULL, 19, 0, '2024-07-10 23:19:30', '1998-12-31 17:00:00', '1998-12-31 17:00:00'),
(274, '663380098-0', NULL, 19, 0, '2024-07-10 23:19:30', '1998-12-31 17:00:00', '1998-12-31 17:00:00'),
(275, '663380099-8', NULL, 19, 0, '2024-07-10 23:19:30', '1998-12-31 17:00:00', '1998-12-31 17:00:00'),
(276, '663380100-9', NULL, 19, 0, '2024-07-10 23:19:30', '1998-12-31 17:00:00', '1998-12-31 17:00:00'),
(277, '663380102-5', NULL, 19, 0, '2024-07-10 23:19:30', '1998-12-31 17:00:00', '1998-12-31 17:00:00'),
(278, '663380104-1', NULL, 19, 0, '2024-07-10 23:19:30', '1998-12-31 17:00:00', '1998-12-31 17:00:00'),
(279, '663380105-9', NULL, 19, 0, '2024-07-10 23:19:30', '1998-12-31 17:00:00', '1998-12-31 17:00:00'),
(280, '663380106-7', NULL, 19, 0, '2024-07-10 23:19:30', '1998-12-31 17:00:00', '1998-12-31 17:00:00'),
(281, '663380107-5', NULL, 19, 0, '2024-07-10 23:19:30', '1998-12-31 17:00:00', '1998-12-31 17:00:00'),
(282, '663380108-3', NULL, 19, 0, '2024-07-10 23:19:30', '1998-12-31 17:00:00', '1998-12-31 17:00:00'),
(283, '663380109-1', NULL, 19, 0, '2024-07-10 23:19:30', '1998-12-31 17:00:00', '1998-12-31 17:00:00'),
(284, '663380111-4', NULL, 19, 0, '2024-07-10 23:19:30', '1998-12-31 17:00:00', '1998-12-31 17:00:00'),
(285, '663380112-2', NULL, 19, 0, '2024-07-10 23:19:30', '1998-12-31 17:00:00', '1998-12-31 17:00:00'),
(286, '663380113-0', NULL, 19, 0, '2024-07-10 23:19:30', '1998-12-31 17:00:00', '1998-12-31 17:00:00'),
(287, '663380114-8', NULL, 19, 0, '2024-07-10 23:19:30', '1998-12-31 17:00:00', '1998-12-31 17:00:00'),
(288, '663380115-6', NULL, 19, 0, '2024-07-10 23:19:30', '1998-12-31 17:00:00', '1998-12-31 17:00:00'),
(289, '663380116-4', NULL, 19, 0, '2024-07-10 23:19:30', '1998-12-31 17:00:00', '1998-12-31 17:00:00'),
(290, '663380117-2', NULL, 19, 0, '2024-07-10 23:19:30', '1998-12-31 17:00:00', '1998-12-31 17:00:00'),
(291, '663380118-0', NULL, 19, 0, '2024-07-10 23:19:30', '1998-12-31 17:00:00', '1998-12-31 17:00:00'),
(292, '663380119-8', NULL, 19, 0, '2024-07-10 23:19:30', '1998-12-31 17:00:00', '1998-12-31 17:00:00'),
(293, '663380120-3', NULL, 19, 0, '2024-07-10 23:19:30', '1998-12-31 17:00:00', '1998-12-31 17:00:00'),
(294, '663380121-1', NULL, 19, 0, '2024-07-10 23:19:30', '1998-12-31 17:00:00', '1998-12-31 17:00:00'),
(295, '663380122-9', NULL, 19, 0, '2024-07-10 23:19:30', '1998-12-31 17:00:00', '1998-12-31 17:00:00'),
(296, '663380123-7', NULL, 19, 0, '2024-07-10 23:19:30', '1998-12-31 17:00:00', '1998-12-31 17:00:00'),
(297, '663380124-5', NULL, 19, 0, '2024-07-10 23:19:30', '1998-12-31 17:00:00', '1998-12-31 17:00:00'),
(298, '663380125-3', NULL, 19, 0, '2024-07-10 23:19:30', '1998-12-31 17:00:00', '1998-12-31 17:00:00'),
(299, '663380126-1', NULL, 19, 0, '2024-07-10 23:19:30', '1998-12-31 17:00:00', '1998-12-31 17:00:00'),
(300, '663380127-9', NULL, 19, 0, '2024-07-10 23:19:30', '1998-12-31 17:00:00', '1998-12-31 17:00:00'),
(301, '663380129-5', NULL, 19, 0, '2024-07-10 23:19:30', '1998-12-31 17:00:00', '1998-12-31 17:00:00'),
(302, '663380130-0', NULL, 19, 0, '2024-07-10 23:19:30', '1998-12-31 17:00:00', '1998-12-31 17:00:00'),
(303, '663380131-8', NULL, 19, 0, '2024-07-10 23:19:30', '1998-12-31 17:00:00', '1998-12-31 17:00:00'),
(304, '663380132-6', NULL, 19, 0, '2024-07-10 23:19:30', '1998-12-31 17:00:00', '1998-12-31 17:00:00'),
(305, '663380133-4', NULL, 19, 0, '2024-07-10 23:19:30', '1998-12-31 17:00:00', '1998-12-31 17:00:00'),
(306, '663380135-0', NULL, 19, 0, '2024-07-10 23:19:30', '1998-12-31 17:00:00', '1998-12-31 17:00:00'),
(307, '663380136-8', NULL, 19, 0, '2024-07-10 23:19:30', '1998-12-31 17:00:00', '1998-12-31 17:00:00'),
(308, '663380138-4', NULL, 19, 0, '2024-07-10 23:19:30', '1998-12-31 17:00:00', '1998-12-31 17:00:00'),
(309, '663380140-7', NULL, 19, 0, '2024-07-10 23:19:30', '1998-12-31 17:00:00', '1998-12-31 17:00:00'),
(310, '663380141-5', NULL, 19, 0, '2024-07-10 23:19:30', '1998-12-31 17:00:00', '1998-12-31 17:00:00'),
(311, '663380445-5', NULL, 19, 0, '2024-07-10 23:19:30', '1998-12-31 17:00:00', '1998-12-31 17:00:00'),
(312, '663380446-3', NULL, 19, 0, '2024-07-10 23:19:30', '1998-12-31 17:00:00', '1998-12-31 17:00:00'),
(313, '663380447-1', NULL, 19, 0, '2024-07-10 23:19:30', '1998-12-31 17:00:00', '1998-12-31 17:00:00'),
(314, '663380448-9', NULL, 19, 0, '2024-07-10 23:19:30', '1998-12-31 17:00:00', '1998-12-31 17:00:00'),
(315, '663380449-7', NULL, 19, 0, '2024-07-10 23:19:30', '1998-12-31 17:00:00', '1998-12-31 17:00:00'),
(316, '663380450-2', NULL, 19, 0, '2024-07-10 23:19:30', '1998-12-31 17:00:00', '1998-12-31 17:00:00'),
(317, '663380451-0', NULL, 19, 0, '2024-07-10 23:19:30', '1998-12-31 17:00:00', '1998-12-31 17:00:00'),
(318, '663380453-6', NULL, 19, 0, '2024-07-10 23:19:30', '1998-12-31 17:00:00', '1998-12-31 17:00:00'),
(319, '663380454-4', NULL, 19, 0, '2024-07-10 23:19:30', '1998-12-31 17:00:00', '1998-12-31 17:00:00'),
(320, '663380455-2', NULL, 19, 0, '2024-07-10 23:19:30', '1998-12-31 17:00:00', '1998-12-31 17:00:00'),
(321, '663380456-0', NULL, 19, 0, '2024-07-10 23:19:30', '1998-12-31 17:00:00', '1998-12-31 17:00:00'),
(322, '663380457-8', NULL, 19, 0, '2024-07-10 23:19:30', '1998-12-31 17:00:00', '1998-12-31 17:00:00'),
(323, '663380459-4', NULL, 19, 0, '2024-07-10 23:19:30', '1998-12-31 17:00:00', '1998-12-31 17:00:00'),
(324, '663380460-9', NULL, 19, 0, '2024-07-10 23:19:30', '1998-12-31 17:00:00', '1998-12-31 17:00:00'),
(325, '663380462-5', NULL, 19, 0, '2024-07-10 23:19:30', '1998-12-31 17:00:00', '1998-12-31 17:00:00'),
(326, '663380463-3', NULL, 19, 0, '2024-07-10 23:19:30', '1998-12-31 17:00:00', '1998-12-31 17:00:00'),
(327, '663380465-9', NULL, 19, 0, '2024-07-10 23:19:30', '1998-12-31 17:00:00', '1998-12-31 17:00:00'),
(328, '663380467-5', NULL, 19, 0, '2024-07-10 23:19:30', '1998-12-31 17:00:00', '1998-12-31 17:00:00'),
(329, '663380469-1', NULL, 19, 0, '2024-07-10 23:19:30', '1998-12-31 17:00:00', '1998-12-31 17:00:00'),
(330, '663380470-6', NULL, 19, 0, '2024-07-10 23:19:30', '1998-12-31 17:00:00', '1998-12-31 17:00:00'),
(331, '663380471-4', NULL, 19, 0, '2024-07-10 23:19:30', '1998-12-31 17:00:00', '1998-12-31 17:00:00'),
(332, '663380472-2', NULL, 19, 0, '2024-07-10 23:19:30', '1998-12-31 17:00:00', '1998-12-31 17:00:00'),
(333, '663380473-0', NULL, 19, 0, '2024-07-10 23:19:30', '1998-12-31 17:00:00', '1998-12-31 17:00:00'),
(334, '663380474-8', NULL, 19, 0, '2024-07-10 23:19:30', '1998-12-31 17:00:00', '1998-12-31 17:00:00'),
(335, '663380475-6', NULL, 19, 0, '2024-07-10 23:19:30', '1998-12-31 17:00:00', '1998-12-31 17:00:00'),
(336, '663380476-4', NULL, 19, 0, '2024-07-10 23:19:30', '1998-12-31 17:00:00', '1998-12-31 17:00:00'),
(337, '663380477-2', NULL, 19, 0, '2024-07-10 23:19:30', '1998-12-31 17:00:00', '1998-12-31 17:00:00'),
(338, '663380478-0', NULL, 19, 0, '2024-07-10 23:19:30', '1998-12-31 17:00:00', '1998-12-31 17:00:00'),
(339, '663380479-8', NULL, 19, 0, '2024-07-10 23:19:30', '1998-12-31 17:00:00', '1998-12-31 17:00:00'),
(340, '663380480-3', NULL, 19, 0, '2024-07-10 23:19:30', '1998-12-31 17:00:00', '1998-12-31 17:00:00'),
(341, '663380482-9', NULL, 19, 0, '2024-07-10 23:19:30', '1998-12-31 17:00:00', '1998-12-31 17:00:00'),
(342, '663380483-7', NULL, 19, 0, '2024-07-10 23:19:30', '1998-12-31 17:00:00', '1998-12-31 17:00:00'),
(343, '663380484-5', NULL, 19, 0, '2024-07-10 23:19:30', '1998-12-31 17:00:00', '1998-12-31 17:00:00'),
(344, '643020378-9', NULL, 20, 0, '2024-07-10 23:20:09', '1998-12-31 17:00:00', '1998-12-31 17:00:00'),
(345, '643020388-6', NULL, 20, 0, '2024-07-10 23:20:09', '1998-12-31 17:00:00', '1998-12-31 17:00:00'),
(346, '643020405-2', NULL, 20, 0, '2024-07-10 23:20:09', '1998-12-31 17:00:00', '1998-12-31 17:00:00'),
(347, '643020423-0', NULL, 20, 0, '2024-07-10 23:20:09', '1998-12-31 17:00:00', '1998-12-31 17:00:00'),
(348, '643021106-7', NULL, 20, 0, '2024-07-10 23:20:09', '1998-12-31 17:00:00', '1998-12-31 17:00:00'),
(349, '663380148-1', NULL, 20, 0, '2024-07-10 23:20:09', '1998-12-31 17:00:00', '1998-12-31 17:00:00'),
(350, '663380151-2', NULL, 20, 0, '2024-07-10 23:20:09', '1998-12-31 17:00:00', '1998-12-31 17:00:00'),
(351, '663380152-0', NULL, 20, 0, '2024-07-10 23:20:09', '1998-12-31 17:00:00', '1998-12-31 17:00:00'),
(352, '663380160-1', NULL, 20, 0, '2024-07-10 23:20:09', '1998-12-31 17:00:00', '1998-12-31 17:00:00'),
(353, '663380161-9', NULL, 20, 0, '2024-07-10 23:20:09', '1998-12-31 17:00:00', '1998-12-31 17:00:00'),
(354, '663380166-9', NULL, 20, 0, '2024-07-10 23:20:09', '1998-12-31 17:00:00', '1998-12-31 17:00:00'),
(355, '663380169-3', NULL, 20, 0, '2024-07-10 23:20:09', '1998-12-31 17:00:00', '1998-12-31 17:00:00'),
(356, '663380170-8', NULL, 20, 0, '2024-07-10 23:20:09', '1998-12-31 17:00:00', '1998-12-31 17:00:00'),
(357, '663380172-4', NULL, 20, 0, '2024-07-10 23:20:09', '1998-12-31 17:00:00', '1998-12-31 17:00:00'),
(358, '663380174-0', NULL, 20, 0, '2024-07-10 23:20:09', '1998-12-31 17:00:00', '1998-12-31 17:00:00'),
(359, '663380175-8', NULL, 20, 0, '2024-07-10 23:20:09', '1998-12-31 17:00:00', '1998-12-31 17:00:00'),
(360, '663380182-1', NULL, 20, 0, '2024-07-10 23:20:09', '1998-12-31 17:00:00', '1998-12-31 17:00:00'),
(361, '663380183-9', NULL, 20, 0, '2024-07-10 23:20:09', '1998-12-31 17:00:00', '1998-12-31 17:00:00'),
(362, '663380185-5', NULL, 20, 0, '2024-07-10 23:20:09', '1998-12-31 17:00:00', '1998-12-31 17:00:00'),
(363, '663380187-1', NULL, 20, 0, '2024-07-10 23:20:09', '1998-12-31 17:00:00', '1998-12-31 17:00:00'),
(364, '663380188-9', NULL, 20, 0, '2024-07-10 23:20:09', '1998-12-31 17:00:00', '1998-12-31 17:00:00'),
(365, '663380189-7', NULL, 20, 0, '2024-07-10 23:20:09', '1998-12-31 17:00:00', '1998-12-31 17:00:00'),
(366, '663380190-2', NULL, 20, 0, '2024-07-10 23:20:09', '1998-12-31 17:00:00', '1998-12-31 17:00:00'),
(367, '663380196-0', NULL, 20, 0, '2024-07-10 23:20:09', '1998-12-31 17:00:00', '1998-12-31 17:00:00'),
(368, '663380487-9', NULL, 20, 0, '2024-07-10 23:20:09', '1998-12-31 17:00:00', '1998-12-31 17:00:00'),
(369, '663380488-7', NULL, 20, 0, '2024-07-10 23:20:09', '1998-12-31 17:00:00', '1998-12-31 17:00:00'),
(370, '663380495-0', NULL, 20, 0, '2024-07-10 23:20:09', '1998-12-31 17:00:00', '1998-12-31 17:00:00'),
(371, '663380496-8', NULL, 20, 0, '2024-07-10 23:20:09', '1998-12-31 17:00:00', '1998-12-31 17:00:00'),
(372, '663380497-6', NULL, 20, 0, '2024-07-10 23:20:09', '1998-12-31 17:00:00', '1998-12-31 17:00:00'),
(373, '663380498-4', NULL, 20, 0, '2024-07-10 23:20:09', '1998-12-31 17:00:00', '1998-12-31 17:00:00'),
(374, '663380501-1', NULL, 20, 0, '2024-07-10 23:20:09', '1998-12-31 17:00:00', '1998-12-31 17:00:00'),
(375, '633021085-8', NULL, 20, 0, '2024-07-10 23:20:09', '1998-12-31 17:00:00', '1998-12-31 17:00:00'),
(376, '633021103-2', NULL, 20, 0, '2024-07-10 23:20:09', '1998-12-31 17:00:00', '1998-12-31 17:00:00'),
(377, '663380044-3', NULL, 20, 0, '2024-07-10 23:20:09', '1998-12-31 17:00:00', '1998-12-31 17:00:00'),
(378, '663380337-8', NULL, 20, 0, '2024-07-10 23:20:09', '1998-12-31 17:00:00', '1998-12-31 17:00:00'),
(379, '663380340-9', NULL, 20, 0, '2024-07-10 23:20:09', '1998-12-31 17:00:00', '1998-12-31 17:00:00'),
(380, '663380342-5', NULL, 20, 0, '2024-07-10 23:20:09', '1998-12-31 17:00:00', '1998-12-31 17:00:00'),
(381, '663380343-3', NULL, 20, 0, '2024-07-10 23:20:09', '1998-12-31 17:00:00', '1998-12-31 17:00:00'),
(382, '663380346-7', NULL, 20, 0, '2024-07-10 23:20:09', '1998-12-31 17:00:00', '1998-12-31 17:00:00'),
(383, '663380366-1', NULL, 20, 0, '2024-07-10 23:20:09', '1998-12-31 17:00:00', '1998-12-31 17:00:00'),
(384, '663380367-9', NULL, 20, 0, '2024-07-10 23:20:09', '1998-12-31 17:00:00', '1998-12-31 17:00:00'),
(385, '663380370-0', NULL, 20, 0, '2024-07-10 23:20:09', '1998-12-31 17:00:00', '1998-12-31 17:00:00'),
(386, '663380559-0', NULL, 20, 0, '2024-07-10 23:20:09', '1998-12-31 17:00:00', '1998-12-31 17:00:00'),
(387, '663380561-3', NULL, 20, 0, '2024-07-10 23:20:09', '1998-12-31 17:00:00', '1998-12-31 17:00:00'),
(388, '663380562-1', NULL, 20, 0, '2024-07-10 23:20:09', '1998-12-31 17:00:00', '1998-12-31 17:00:00'),
(389, '663380570-2', NULL, 20, 0, '2024-07-10 23:20:09', '1998-12-31 17:00:00', '1998-12-31 17:00:00'),
(390, '663380571-0', NULL, 20, 0, '2024-07-10 23:20:09', '1998-12-31 17:00:00', '1998-12-31 17:00:00'),
(391, '663380574-4', NULL, 20, 0, '2024-07-10 23:20:09', '1998-12-31 17:00:00', '1998-12-31 17:00:00'),
(392, '663380577-8', NULL, 20, 0, '2024-07-10 23:20:09', '1998-12-31 17:00:00', '1998-12-31 17:00:00'),
(393, '663380630-0', NULL, 20, 0, '2024-07-10 23:20:09', '1998-12-31 17:00:00', '1998-12-31 17:00:00'),
(394, '663380633-4', NULL, 20, 0, '2024-07-10 23:20:09', '1998-12-31 17:00:00', '1998-12-31 17:00:00'),
(395, '663380636-8', NULL, 20, 0, '2024-07-10 23:20:09', '1998-12-31 17:00:00', '1998-12-31 17:00:00'),
(396, '653380294-9', 'Administration', 18, 0, '2024-07-11 00:04:00', '1998-12-31 17:00:00', '1998-12-31 17:00:00'),
(397, '653380294-9', 'Administration', 14, 0, '2024-07-11 00:04:00', '1998-12-31 17:00:00', '1998-12-31 17:00:00');

-- --------------------------------------------------------

--
-- Table structure for table `titelwork`
--

CREATE TABLE `titelwork` (
  `id` int(11) NOT NULL,
  `name` varchar(255) NOT NULL,
  `date` varchar(10) NOT NULL,
  `typework` int(11) NOT NULL,
  `maxpoint` int(11) NOT NULL,
  `idcourse` varchar(8) NOT NULL,
  `delete_at` varchar(100) DEFAULT NULL
) ENGINE=InnoDB DEFAULT CHARSET=utf8mb4 COLLATE=utf8mb4_general_ci;

--
-- Dumping data for table `titelwork`
--

INSERT INTO `titelwork` (`id`, `name`, `date`, `typework`, `maxpoint`, `idcourse`, `delete_at`) VALUES
(14, 'WS02 SSDLC', '2024-07-02', 1, 10, 'SC363001', NULL),
(15, 'Test', '2024-07-02', 1, 10, 'SC363001', 'deleted'),
(16, 'WS02 SSDLC', '2024-07-04', 1, 10, 'CP421025', NULL),
(17, 'Lab 2', '2024-07-04', 1, 10, 'SC362102', NULL),
(18, 'WS03 AAUO', '2024-07-08', 1, 10, 'SC363001', NULL),
(19, 'WS03 AAUO', '2024-07-11', 1, 10, 'CP421025', NULL),
(20, 'Lab 3', '2024-07-11', 1, 10, 'SC362102', NULL);

-- --------------------------------------------------------

--
-- Table structure for table `topic_create`
--

CREATE TABLE `topic_create` (
  `id` int(11) NOT NULL,
  `name` varchar(255) NOT NULL,
  `des` varchar(255) NOT NULL,
  `status` int(11) NOT NULL
) ENGINE=InnoDB DEFAULT CHARSET=utf8mb4 COLLATE=utf8mb4_general_ci;

--
-- Dumping data for table `topic_create`
--

INSERT INTO `topic_create` (`id`, `name`, `des`, `status`) VALUES
(1, 'งานเดี่ยว', 'งานเดี่ยวในแต่ละสัปดาห์', 1),
(2, 'งานกลุ่ม', 'งานกลุ่มนำเสนอหน้าห้อง', 0);

-- --------------------------------------------------------

--
-- Table structure for table `users`
--

CREATE TABLE `users` (
  `stdid` varchar(11) NOT NULL,
  `name` varchar(100) NOT NULL,
  `email` varchar(100) NOT NULL,
  `section` int(11) DEFAULT NULL,
  `image` text NOT NULL,
  `track` varchar(20) DEFAULT NULL,
  `type` int(11) NOT NULL
) ENGINE=InnoDB DEFAULT CHARSET=utf8mb4 COLLATE=utf8mb4_general_ci;

--
-- Dumping data for table `users`
--

INSERT INTO `users` (`stdid`, `name`, `email`, `section`, `image`, `track`, `type`) VALUES
('123456789-0', 'Jakkrit Kaewyotha', 'jakkritk@kku.ac.th', 1, 'https://api.computing.kku.ac.th//storage/images/2024-6-3-1718094395-1.jpeg', 'BIT', 1),
('633020334-0', 'Sutthida Doungkunla', 'supphitan.pk@kkumail.com', 1, 'https://lh3.googleusercontent.com/a/ACg8ocLzvAyDoRxNYG6zuTtlXQTZHCSHT1P1SQXon_s00YrTl6T0KCK7uA', 'Network', 1),
('633020334-8', 'Supphitan Paksawad', 'supphitan.p@kkumail.com', 1, 'https://lh3.googleusercontent.com/a/ACg8ocLzvAyDoRxNYG6zuTtlXQTZHCSHT1P1SQXon_s00YrTl6T0KCK7uA', 'Network', 1),
('633021085-8', 'นายธีรนพ ศรีแสง', 'theeranop.sr@kkumail.com', 2, 'https://lh3.googleusercontent.com/a-/ALV-UjUEiytwVbuX1h3m4bUo1M-Tp67fuafla03D3UvZ3HZOtxVLJ8k', 'BIT', 2),
('633021103-2', 'นายศุภกร กงชา', 'max.supakorn@kkumail.com', 2, 'https://lh3.googleusercontent.com/a-/ALV-UjWw92xVMxrJQWWqRdw7Lfh4nezfE-UrgC3ZVuMe6qub5pt7sQUn', 'Network', 2),
('643020023-6', 'นางสาวอัญธิมา ผาละบุตร', 'auntima.p@kkumail.com', 1, 'https://lh5.googleusercontent.com/a-/ALV-UjWhmGIN2Q4Dw4BmTJi-kT8PTKxjmRN3fTfzGWoMipi3EL1YoK0', 'Web and Mobile', 1),
('643020349-6', 'นางสาวกมลวรรณ หอมสมบัติ', 'kamonwan.h@kkumail.com', 1, 'https://lh4.googleusercontent.com/a-/ALV-UjV7j-vbAU5IpgaJRFVe0fCTyxBp0xoDtlhA-psg-GKwbsbRq7A', 'Web and Mobile', 1),
('643020356-9', 'นางสาวคนึงนิจ แสนโยธะกะ', 'kanuengnid.s@kkumail.com', 1, 'https://lh6.googleusercontent.com/a-/ALV-UjUtw62Avp6TldSyLGF5937Sp_S_eukBsfgpILwldlpNicKg33YW', 'Web and Mobile', 1),
('643020378-9', 'นายธรรศกร กิตติโสภาพันธุ์', 'tassakorn.k@kkumail.com', 1, 'https://lh3.googleusercontent.com/a-/ALV-UjVgugVqN-68ChOCEpe9ffZuI2C3FGY1KuOD9Q72OSSjSoIIaNI', 'Network', 2),
('643020388-6', 'นายปภินวิทย์ สิมาวัน', 'papinwit.s@kkumail.com', 1, 'https://lh3.googleusercontent.com/a-/ALV-UjVDnwMjfCAdUhGnB_sMTcJW8H4DhbqUgy76pkV2MEqY6pEOsMH2', 'Web and Mobile', 2),
('643020399-1', 'นางสาวพิมพ์นภา ศรีบุญเรือง', 'pimnapa.s@kkumail.com', 1, 'https://lh3.googleusercontent.com/a-/ALV-UjUD-SjDNeqpOrz8eMhpCpnNUE627tHbNTghIJalXvTA19TLqpY', 'Web and Mobile', 1),
('643020402-8', 'นายภพ ในจิตต์', 'phop.n@kkumail.com', 1, 'https://i.pravatar.cc/150?u=a042581f4e29026024d', 'Web and Mobile', 2),
('643020405-2', 'นายภูเบศ โกมุติบาล', 'pubes.k@kkumail.com', 1, 'https://lh3.googleusercontent.com/a-/ALV-UjVhew5fql_JJWMlR7syNLZdLdJttAGUH13Rg5txghtDTBQjljY', 'Web and Mobile', 2),
('643020415-9', 'นางสาวศิรประภา ปัตตะ', 'siraprapa.pat@kkumail.com', 1, 'https://lh6.googleusercontent.com/a-/ALV-UjVh7r3cs2-NPqH_GOgAxVwM5F08IfxudlV6hCrEJ5EnrO_w2YM', 'Web and Mobile', 1),
('643020423-0', 'นายอริญชวุธ กัลยานาม', 'arinchawut.k@kkumail.com', 1, 'https://lh3.googleusercontent.com/a-/ALV-UjXTye9kXXERZx9sWBjzNqVAJiC5VQfjmubk8KjONLC3jce9Q4U', 'Web and Mobile', 2),
('643021099-8', 'นางสาวกัลยาณี บุญรินทร์', 'kanlayanee.bo@kkumail.com', 1, 'https://lh5.googleusercontent.com/a-/ALV-UjXFzuODE1DMXXgdXjgpVI3LLguElGKwI9V-HtXMs5bGkETLgBk', 'Web and Mobile', 1),
('643021106-7', 'นายฑีฆายุ แก้วสูงเนิน', 'thikhayu.k@kkumail.com', 1, 'https://lh3.googleusercontent.com/a/ACg8ocIhOu95dTb2TTDiJyM4LN5XD1skgoBNoOejqVnczDLlm5YKsA', 'Network', 2),
('643021116-4', 'นายภานุพัฒน์ พลเยี่ยม', 'panupat.ph@kkumail.com', 1, 'https://lh5.googleusercontent.com/a-/ALV-UjUgUNyoyDIut0Bku8godl_AZfRGjCMhTcPZtt6lJZFTuGDJvZvj', 'Web and Mobile', 1),
('643021124-5', 'อภินันท์ จันทร์ขอนแก่น', 'apinan.ja@kkumail.com', 1, 'https://lh3.googleusercontent.com/a-/ALV-UjUIdvX-rvmXWqzkVjW5sLDzkCxczk-j62VIfL_bjTXzYDUsUeM', 'Web and Mobile', 1),
('653380002-8', 'นายกมลจิตต์ พูนพิพัฒนพงษ์', 'kamonjit.p@kkumail.com', 1, 'https://lh3.googleusercontent.com/a/ACg8ocJ_AJfid_tVTRDvhpqp7RWJBTb7FFEAJZD6ceKJDxSMZDZmpQ=s96-p-k-rw-no-mo', 'Network', 2),
('653380003-6', 'นายเจษฎา เพ็งหนู', 'jetsada.phe@kkumail.com', 1, 'https://lh3.googleusercontent.com/a/ACg8ocJn6mTwy_s9VWbt5XLFDmdt5Q-bgn8QKrEMjvKU7mUJqjcgqw', 'Network', 2),
('653380004-4', 'นางสาวชญาดา ภูสีดิน', 'chayada.phoo@kkumail.com', 1, 'https://lh4.googleusercontent.com/a-/ALV-UjXXW6nnXfQ-f0C8KAirX6J7nIdmaZOOpW5Ifm232VsmycLP9w', 'Network', 2),
('653380005-2', 'นางสาวณัฐริกา โสมิตร', 'natthariga.s@kkumail.com', 1, 'https://lh3.googleusercontent.com/a/ACg8ocKyKa3bLqeKzC9FaZVbEzlIj7HcdgqAlGjmIZfwpRtY4CrZ2w', 'Web and Mobile', 2),
('653380006-0', 'นายธรรมรัตน์ วงษ์มา', 'thammarat.w@kkumail.com', 1, 'https://lh3.googleusercontent.com/a/ACg8ocK76KSaLzru5SuH_XKgL_EqdIUqJ6wtmvSVFuSHdtgTZF4Wlg', 'Network', 2),
('653380008-6', 'นายพีระพงศ์ เต้าประจิม', 'peeraphong.t@kkumail.com', 1, 'https://lh3.googleusercontent.com/a-/ALV-UjX3MHJOnuG5Z2PtDXCMtH5ZVPBbWWpTg6VN6dkyEVwW_07VZkdR', 'Network', 2),
('653380009-4', 'นายมานพ เวียนเทียน', 'manop.v@kkumail.com', 1, 'https://lh3.googleusercontent.com/a/ACg8ocLWTgWGn2FD50oJDTs70DqGRexCBihjv-aXSs_eyvZrVyQx', 'Web and Mobile', 2),
('653380010-9', 'นายรพีพัฒน์ ศรีสวัสดิ์', 'rapeepat.s@kkumail.com', 1, 'https://lh3.googleusercontent.com/a/ACg8ocJjGpgfHf1uRTJOkN4l_PzLXwsHYBsVx2wrzQZSPf9UKwMrtA', 'Network', 2),
('653380011-7', 'นางสาววรรณภา บุษบง', 'wannapa.bu@kkumail.com', 1, 'https://lh3.googleusercontent.com/a-/ALV-UjVmz8kilOeAiXXxZHybDrzpN46o01WCkFknj5Tt8y9W1FGk-BU', 'Web and Mobile', 2),
('653380012-5', 'นายวรวุธ โคตรนาแพง', 'worawut.kh@kkumail.com', 1, 'https://lh3.googleusercontent.com/a-/ALV-UjVPY55jeSYFOxv8KziDA23JoKUDU0sTzfFoHG8KuRrMJoq8pg8', 'Network', 2),
('653380013-3', 'นางสาวอินทิรา ฤทธิพรม', 'inthira.r@kkumail.com', 1, 'https://lh3.googleusercontent.com/a-/ALV-UjW6xvJvooQoHlgIpdXibEfbI7fcZAdsJyhbAGGGo8wTQW9sd6U', 'Web and Mobile', 2),
('653380031-1', 'นายปุณยวัจน์ แสนโคตร', 'punyawat.sa@kkumail.com', 2, 'https://lh3.googleusercontent.com/a-/ALV-UjVffs-wQbDaw9dWEcYe_TkYo2__6L5dyQRdTsJbmNg1KEa07E0', 'Network', 2),
('653380032-9', 'นายพีรภาดา ไชยพรมมา', 'peeraphada.c@kkumail.com', 2, 'https://lh3.googleusercontent.com/a/ACg8ocI80Xl5dRVIcyjdfNq3bud84NvVE45mD4htBfuSVkTn8f6X9A', 'Network', 2),
('653380033-7', 'นายศตวรรษ ไชยปัญหา', 'sattawat.ch@kkumail.com', 2, 'https://lh3.googleusercontent.com/a-/ALV-UjW_8SzZou5otjfKFA_xI72EgZc2aMMr_1zvSfGNuDaLVN7M1bI', 'Network', 2),
('653380034-5', 'นายศิวะกร แสงสว่าง', 'siwakorn.san@kkumail.com', 2, 'https://lh3.googleusercontent.com/a-/ALV-UjVit8TgYef6UfTF4ypg9G5MP0urR6fb0Y4OD0Oa8qgi0cIdmrs', 'Network', 2),
('653380035-3', 'นายภูกฤษกร ยชญ์พิภัช', 'suphawit.b@kkumail.com', 2, 'https://lh3.googleusercontent.com/a-/ALV-UjUjwdPbJfmoxi_8dkFCSkMyFx-BoRka9RiHZsL5-_C5M3iBsCc', 'Network', 2),
('653380036-1', 'นายสรวิศ ไผ่พันธ์', 'sorawit.ph@kkumail.com', 2, 'https://lh3.googleusercontent.com/a-/ALV-UjULwO7NCz9Cr9RwtoYo2SfJCYYGSDAfHr8RaHV6x3Zb2fTviJE', 'Network', 2),
('653380037-9', 'นายสิทธิภูมิ ชนะบุญ', 'sittiphum.b@kkumail.com', 2, 'https://lh3.googleusercontent.com/a-/ALV-UjX99qGeU1aLYmeGvbi2KFkdcW9Cq_rWdFdUQwz-HCKWqR2kBIY', 'BIT', 2),
('653380038-7', 'นายสืบศักดิ์ ศรีบุญ', 'seubsak.s@kkumail.com', 2, 'https://lh3.googleusercontent.com/a/ACg8ocJbo69Vb0w2nPApGfFQY8FuvPgZV9ZSLr1IdreEega8X8_ngg', 'BIT', 1),
('653380039-5', 'นายสุริยา บาริสี', 'suriya.b@kkumail.com', 2, 'https://lh3.googleusercontent.com/a-/ALV-UjXJvXf2kVU32CEWr1e1Dr1M18pzX6KhcedCA1ysORw4Zgtj6UU', 'Web and Mobile', 2),
('653380040-0', 'นางสาวเสาวลักษณ์ เปรียบดีสุด', 'saowalak.pri@kkumail.com', 2, 'https://lh3.googleusercontent.com/cm/AGPWSu-CKNv6r2pyEGlUWq-5pILK7QhL7RU8CBMjwWB-Oahw7IM4c62ltARluTb1DmEH1EsFTA', 'BIT', 1),
('653380041-8', 'นางสาวอารยา หงษาวงษ์', 'araya.h@kkumail.com', 2, 'https://lh3.googleusercontent.com/a-/ALV-UjWCAAmlb6Ik5AGbYAYiv81Ps4wsbIolZLj6fzOSziX9U34hkoM', 'Web and Mobile', 2),
('653380085-8', 'นางสาวขวัญเนตร สุวรรณศรี', 'khwannet.s@kkumail.com', 1, 'https://lh3.googleusercontent.com/a-/ALV-UjXQQ6ns6TmlwO6ZQgyxButOmM9GYVoqopLYBarWxMS7NT2nzC0', 'Web and Mobile', 2),
('653380086-6', 'นายเจษฎา สมพร', 'jetsada.som@kkumail.com', 1, 'https://lh3.googleusercontent.com/a/ACg8ocJMwJc9znpIXpEutPDayXkXiFb882rSk84lKXgQU0sb5domDq4', 'BIT', 2),
('653380087-4', 'นายชนวีร์ คงพรม', 'chanawee.k@kkumail.com', 1, 'https://lh3.googleusercontent.com/a-/ALV-UjWqUljYEAbWVJH2_0PHoIutHJ1ZJPce-oFtI2EkeMX43ZK92g', 'BIT', 2),
('653380088-2', 'นายชนินทร์ บุตรรอด', 'chanin.bu@kkumail.com', 1, 'https://lh3.googleusercontent.com/a-/ALV-UjUB3t--M3QamiC2y9Y3cS8CG_1PFBzNwPM9HjVwjqiJGIxWOA', 'Network', 2),
('653380089-0', 'นางสาวณัฐชา แสงไชยา', 'nattacha.sa@kkumail.com', 1, 'https://lh3.googleusercontent.com/a-/ALV-UjWemZqmR0dPw-_cP1ZHzcfJ9qUWytASa6sdgWQ5h4vVAkgpa6U', 'BIT', 2),
('653380090-5', 'นางสาวณัฐทิยา แสนนา', 'nattiya.sa@kkumail.com', 1, 'https://lh3.googleusercontent.com/a/ACg8ocIuHFxoTnTLxD9sga7qovASupifD8B0qKhFV6bZlfbSLf2GIQ', 'Web and Mobile', 2),
('653380091-3', 'นายณัฐพล ลักษณะ', 'nattapon.la@kkumail.com', 1, 'https://lh3.googleusercontent.com/a/ACg8ocJuVkruvo-ehDe9_jM0_ZYEYLFdGbxB2-PYcuXBlQCvf91vYg', 'BIT', 2),
('653380092-1', 'นายณัฐวิชร์ แก้วเบ้า', 'natthawit.k@kkumail.com', 1, 'https://lh3.googleusercontent.com/a-/ALV-UjVDvnSgZA79BAyyK7P7Mtp5HRqvHrxIEEaF_0LEwIC4I_v2nKs', 'Network', 2),
('653380093-9', 'นางสาวตรีรัตน์ ตรีพงษ์', 'treerat.t@kkumail.com', 1, 'https://lh3.googleusercontent.com/a-/ALV-UjUvNckF1HTFHvhJR02c5pHnMrVohxW9_2ccgoB7yv3VKRptrS0', 'Web and Mobile', 2),
('653380094-7', 'นายธนกฤต แก้วสุวรรณ', 'thanakrit.kaew@kkumail.com', 1, 'https://lh3.googleusercontent.com/a-/ALV-UjWtTX5UiixFc1gzCAI4Mx2bAlCym5KbQUt6N8Ku1L8mRxlMew', 'BIT', 2),
('653380095-5', 'นายธฤต สุทธิธรรม', 'tharit.s@kkumail.com', 1, 'https://lh3.googleusercontent.com/a-/ALV-UjVD62Bl9t8SHV4HcU6t7V2Du2mYJBahQ6exvQ-nrROsJ788zLI', 'Network', 2),
('653380096-3', 'นางสาวธัญชนก พละกรณ์', 'thunchanok.p@kkumail.com', 1, 'https://lh3.googleusercontent.com/a-/ALV-UjWlVLpamQPhulQJ9f3VShh-v_n_y8H-YgpaY8DJB7GKDuPUbLo', 'BIT', 2),
('653380099-7', 'นางสาวเบญจพร พันธโคตร', 'benjaporn.pan@kkumail.com', 1, 'https://lh3.googleusercontent.com/a-/ALV-UjVJYDpSFwgRAhnRf6bfzUgPyBRRh_PYWZPxZ1tsG2D8FvfY7ur4', 'Network', 2),
('653380100-8', 'นายปณิธิ เสือสุภาพ', 'panithi.s@kkumail.com', 1, 'https://lh3.googleusercontent.com/a-/ALV-UjWVWMOZ9KdfWDJlZJNq-4kTYxQaXQAkUYCzRBoywJaycQi5ZeE', 'BIT', 2),
('653380101-6', 'นางสาวปิยะณัฐ รูปสูง', 'piyanat.r@kkumail.com', 1, 'https://lh3.googleusercontent.com/a/ACg8ocIokWyT20l-gWq71NfkhtUqfzAtxSymeBLKzTzzYRs9-ybB_A', 'Web and Mobile', 2),
('653380102-4', 'นางสาวพรทิพย์ ชมจันทร์', 'phornthip.c@kkumail.com', 1, 'https://lh3.googleusercontent.com/a/ACg8ocLHpXu6MYsxUQyB0CiqfLH7hsCzyco-mTueHEb43UksdtlK8w', 'BIT', 2),
('653380104-0', 'นายพัชรพงษ์ พูนทรัพย์อมร', 'patcharapong.ph@kkumail.com', 1, 'https://lh3.googleusercontent.com/a-/ALV-UjVmkGqvyQI2_jP9_k0LT0wqVggF5YyE0Wm6wjOgRyfUnjsixSg', 'Web and Mobile', 2),
('653380105-8', 'นายพิสิษฐ์ จินานิกร', 'pisit.j@kkumail.com', 1, 'https://lh3.googleusercontent.com/a-/ALV-UjWgcIk4ozQSRb8lsNlxtsxyoV6bIdMp5k4ca2gZS_ntUYqmodU', 'Network', 2),
('653380106-6', 'นายพีรพล จริยานุกูลวงศ์', 'pheeraphon.j@kkumail.com', 1, 'https://lh3.googleusercontent.com/a/ACg8ocIAspf5D50MDEi_WeINOJTQ_VHRNZ3r325LMC-ZpsFJTtlOhg', 'Network', 2),
('653380107-4', 'นายพีรพล เล่าสุอังกูร', 'peeraphol.l@kkumail.com', 1, 'https://lh3.googleusercontent.com/a/ACg8ocLLOXdWR67PpF3UDbCXL-snkpeZ3lvwZhSGon-67Vhb1z76sg', 'Web and Mobile', 2),
('653380108-2', 'นางสาวพุธิตา งาพาณิชย์วัฒน์', 'phutthita.n@kkumail.com', 1, 'https://lh3.googleusercontent.com/a-/ALV-UjWCKA2907sb_zOCepJjh1HbUQdBj3Ds4ctzDYA1GFV-qj6HaR8', 'BIT', 2),
('653380109-0', 'นายภูมิรพี เกษรไพบูลย์', 'phumrapee.k@kkumail.com', 1, 'https://lh3.googleusercontent.com/a/ACg8ocKoRVMo9hFoVuWVCH_GGMQeVPreQyXJNc0EmUROT6mJZAxJgg', 'Web and Mobile', 2),
('653380110-5', 'นายวชิรวิทย์ แท่งทองหลาง', 'wachirawit.ta@kkumail.com', 1, 'https://lh3.googleusercontent.com/a-/ALV-UjWT0MOoLYsj7fNfZSu-NQnUE5G6fHxZY9TEOjqgn10ML7XxJ30', 'Web and Mobile', 2),
('653380111-3', 'นางสาวศศิปรียา สีราช', 'sasipreya.s@kkumail.com', 1, 'https://lh3.googleusercontent.com/a-/ALV-UjU_i-y5h-nyrkW6MrN4GRGFQ9MCupLRDygDyFkNoo_87baM30g', 'BIT', 2),
('653380112-1', 'นางสาวศศิวิมล ผ่องใส', 'sasiwimon.ph@kkumail.com', 1, 'https://lh3.googleusercontent.com/a-/ALV-UjXviRNVOwWdxfIr38j4Lht27vT0Dzq-3E1JMPIODL3pXJmW7bU', 'BIT', 2),
('653380113-9', 'นายสัญญพงศ์ พิพัฒน์โภคิน', 'sanyaphong.p@kkumail.com', 1, 'https://lh3.googleusercontent.com/a-/ALV-UjVYnhLQBChCLhdvD0PY0HcGv75KGtSc9pL29Z4TvgeWZkVe0FM', 'Network', 2),
('653380115-5', 'นางสาวสุจิตรา สีลาพัฒน์', 'sujittra.se@kkumail.com', 1, 'https://lh3.googleusercontent.com/a-/ALV-UjXxt0ewJmxqV_i-eqAyoFW7IqWhI8OsKlIqcfWiA9YOMbnrb1U', 'BIT', 2),
('653380116-3', 'นางสาวสุภัสรา บุญตาท้าว', 'supatsara.b@kkumail.com', 1, 'https://lh3.googleusercontent.com/a-/ALV-UjVQCEezWDiXwxMmEcAHv1Xf7WbCk4X9JP8iHvI1Wi8PdMrbZBU', 'BIT', 2),
('653380118-9', 'นายอภิชัย ทินจอง', 'apichai.ti@kkumail.com', 1, 'https://lh3.googleusercontent.com/a/ACg8ocKvGgLp6euoeR43SwDVy-H5xjZy09XSOygil_jUpW9HiGJe7g', 'Web and Mobile', 2),
('653380119-7', 'นายอุทิศ สวัสดี', 'uthit.s@kkumail.com', 1, 'https://lh3.googleusercontent.com/a-/ALV-UjXoodIMgPJq99jwYvNAHHbwCX26foDzEP0EfYtw-UFPPrWEuzPC', 'BIT', 1),
('653380173-1', 'นายกฤตภาส สุกาวงค์', 'kittapas.su@kkumail.com', 2, 'https://lh3.googleusercontent.com/a-/ALV-UjUTM5eBalV_KjzYaxMVN5mLhSz1zGZxl5gvNo8wiWLPaSNvQfw', 'Web and Mobile', 2),
('653380176-5', 'นายชินภัทร ศรีละโคตร', 'chinnaphat.sri@kkumail.com', 2, 'https://lh3.googleusercontent.com/a/ACg8ocJbYxtv89ZL4N84fxillb01scFRFRQ34fby5RyprREYGo4ZwQ', 'Network', 2),
('653380177-3', 'นางสาวชุติกาญจน์ สีสมบัติ', 'chutikan.sis@kkumail.com', 2, 'https://lh3.googleusercontent.com/a/ACg8ocIBO7deUQH6tuHJgAYkC5bN5xhtp4DBfgmiydPKAH75YPjtkg', 'BIT', 2),
('653380178-1', 'นายณภาส พงษ์อุดมกูล', 'napas.pongudomkul@kkumail.com', 2, 'https://lh3.googleusercontent.com/a/ACg8ocJj_jIzkCsJ7-wgQNDizbRkIdqww8p0JNvolFBCARt5PYxFKw', 'BIT', 2),
('653380179-9', 'นายณัฐชัย ชัยฮัง', 'natachai.c@kkumail.com', 2, 'https://lh3.googleusercontent.com/a-/ALV-UjV6W4lWflfBY3iqYeSogVmy_xNKg3wtmODdzwXJvXr7qyjoJq4', 'Web and Mobile', 2),
('653380180-4', 'นางสาวณัฐชา โนนชาติ', 'natcha.no@kkumail.com', 2, 'https://lh3.googleusercontent.com/a/ACg8ocKPU0LBgMdkh-ZDwaYq3fp4pEPFLqgrTGlu77o9C7sstqAItw', 'Network', 2),
('653380181-2', 'นายดุลพาห์ ทวีแสงศิริ', 'dullapah.t@kkumail.com', 2, 'https://lh3.googleusercontent.com/a/ACg8ocLQE7kDF1clJjcHwJLt9fZC0Tjn41yJiTF3hQofZzxw7kSrAw', 'Web and Mobile', 2),
('653380245-2', 'นายฐากูร เอ็นสาร', 'thakun.e@kkumail.com', 1, 'https://lh3.googleusercontent.com/a-/ALV-UjVc3kBOvqfb7kxjSiwmECLC9Av6hmUOMNDoI8_Ai91co_7SpWI', 'Network', 2),
('653380246-0', 'นางสาวฐิตาภา ไขชัยภูมิ', 'titapa.k@kkumail.com', 1, 'https://lh3.googleusercontent.com/a-/ALV-UjUj66ucQg501JyfFWJHwgJn6pu4m1iOjU25IBDZ8sDmg10UKaQ', 'BIT', 2),
('653380248-6', 'นายนนทวัฒน์ วิรุณปักษี', 'nonthawat.wi@kkumail.com', 1, 'https://lh3.googleusercontent.com/a-/ALV-UjXnGdOl_1n46B8stYIE8aTVJu8H6Hi2MMcukTAebgeWt5D7VqyO', 'BIT', 2),
('653380249-4', 'นายนภัทร ธันยภรสกล', 'naphat.th@kkumail.com', 1, 'https://lh3.googleusercontent.com/a-/ALV-UjUXxZ76uH8H4Dw14stSyqaYi5Gdq8iccdpkX67W-myuIn-iBfs', 'BIT', 2),
('653380250-9', 'นายนวมินทร์ คำจันทร์', 'nawamin.c@kkumail.com', 1, 'https://lh3.googleusercontent.com/a/ACg8ocKcCZ82lbUEukV9Ya7c0MEcFGCTLV37KupF3vtbuqAB5aTVxw', 'BIT', 2),
('653380251-7', 'นางสาวนิชธาวัลย์ พุกน้อย', 'nitthawan.p@kkumail.com', 1, 'https://lh3.googleusercontent.com/a/ACg8ocKrtWZ3BtA__y_T109hiFyBg_JbMggxDDnTU5w7pCx3gDMrRg', 'Web and Mobile', 2),
('653380252-5', 'นางสาวบุษยมาส สมบูรณ์ทวง', 'bussayamas.s@kkumail.com', 1, 'https://lh3.googleusercontent.com/a-/ALV-UjU9IlUWO0iXhCwtBKoEy_7_CrVJLI-OE_lQa2xizWtm_dS4Ais', 'BIT', 2),
('653380253-3', 'นางสาวพัชราพร นิลพงษ์', 'phatcharaporn.ni@kkumail.com', 1, 'https://lh3.googleusercontent.com/a/ACg8ocLfR-5WDwb4lQfdBBNup00iBJK1ZfpGuGz-WMHUvIb71TeMHA', 'Web and Mobile', 2),
('653380254-1', 'นางสาวภรกนก ทุริดไธสง', 'pornkanok.t@kkumail.com', 1, 'https://lh3.googleusercontent.com/a-/ALV-UjU-3A05ITEzZJS8ISeQX-ObRzHnWwdRTG7viu5BdZOhaPZXnf0', 'BIT', 2),
('653380256-7', 'นายภีรายุ ภัทรอร่าม', 'peerayu.p@kkumail.com', 1, 'https://lh3.googleusercontent.com/a/ACg8ocJaaWLLc39CXiiVOkpp8ObJgpEg54JKKUsDahDQe7cnePviTQ', 'BIT', 2),
('653380257-5', 'นางสาวศรัณยา โสสุด', 'saranya.sos@kkumail.com', 1, 'https://lh3.googleusercontent.com/a-/ALV-UjWsUfCLNszsB8W-aF8gZbC2z0nteet6ThdQPcvHsL9K3U22Mlg', 'Web and Mobile', 2),
('653380260-6', 'นางสาวอัญชิสา นามกันยา', 'unchisa.n@kkumail.com', 1, 'https://lh3.googleusercontent.com/a-/ALV-UjWSP8f8JS4s-RNc-naQBpf3hXVrrhWbFH48f0hntOEid4SEuQ', 'Network', 2),
('653380289-2', 'นายกรภัทร สิงวะราช', 'korapat.s@kkumail.com', 2, 'https://lh3.googleusercontent.com/a/ACg8ocINIT4C7c7bD508DaT3A2is4fwJLUdR3xgSBqQIcYooV5341Q', 'BIT', 2),
('653380293-1', 'นายชินาธิป เฉาะกระโทก', 'chinatip.c@kkumail.com', 2, 'https://lh3.googleusercontent.com/a/ACg8ocJWI82_okqbYc-4oSULCBtbEDe01oOaS7iPgQfWeaCnJVaEAw', 'BIT', 2),
('653380294-9', 'นายโชคชัย หาญปี', 'chokchai.h@kkumail.com', 2, 'https://lh3.googleusercontent.com/a/ACg8ocJiLlEYtnZd9yH7FtihGXdi1Fl3MVSmx309dhNfWK858TKx', 'Web and Mobile', 2),
('653380295-7', 'นายณฐนนท์ สายคำวงค์', 'natanon.s@kkumail.com', 2, 'https://lh3.googleusercontent.com/a/ACg8ocL_AXW8jVTLGwYil95s5CnHXEWBqXZDLwoew-q1F1wPBxQHWA', 'BIT', 2),
('653380297-3', 'นายณัฐวัฒน์ อุดมรักษ์', 'nutthawat.u@kkumail.com', 2, 'https://lh3.googleusercontent.com/a/ACg8ocK41Rf-QzkHT_9kqgOXAGHW-oTSIUWwLhhzvHR7nvcu9fiEVQ', 'Network', 2),
('653380298-1', 'นายธนกฤต หงษ์โต', 'thanakrit.ho@kkumail.com', 2, 'https://lh3.googleusercontent.com/a-/ALV-UjXfKdRHmkYHNux5NyzmujkKLsf82Mt8jpJjtgpbnSS6-MGTy80', 'Network', 2),
('653380299-9', 'นายธนวัฒน์ ศรีพงษ์วิวัฒน์', 'tanawat.sri@kkumail.com', 2, 'https://lh3.googleusercontent.com/a-/ALV-UjWT1fhbm_26St9phg5Ze-RY6rtP1f_9ujALSsbSx6WJ2Ss5gos', 'BIT', 2),
('653380302-6', 'นายปลื้มปิติ บูระพันธ์', 'pleumpiti.b@kkumail.com', 2, 'https://lh3.googleusercontent.com/a/ACg8ocLWfMji7GLfutOmKy4jQLTh_-BkXG6orz5yzp2MhzYCMXpxqg', 'Network', 2),
('653380304-2', 'นายปิยะ กองพลพรหม', 'piya.k@kkumail.com', 2, 'https://lh3.googleusercontent.com/a/ACg8ocLrCy0LzGKCiizGFP8mc0p-ugu6vXhG-ZgWRmHa8gjYyzlSvQ', 'Network', 2),
('653380308-4', 'นายรัฐนันท์ วิทยพานิช', 'rattanan.w@kkumail.com', 2, 'https://lh3.googleusercontent.com/a-/ALV-UjV4jBCkjZv9zl-Tjm2cyHaHwuUA_ceAX6MP9OSNHLKOBn-63RE', 'Network', 2),
('653380309-2', 'นายวรปรัชญ์ ฝ้ายป่าน', 'woraprat.f@kkumail.com', 2, 'https://lh3.googleusercontent.com/a/ACg8ocLTlH7Ml1AMYFeo6P4ise4C8WWbBJQQM_zxEp9Fb1wYUMhhyw', 'BIT', 2),
('653380312-3', 'นายศุภวิชญ์ พิมพ์ผม', 'supawit.ph@kkumail.com', 2, 'https://lh3.googleusercontent.com/a/ACg8ocJQIgKFyEcs5SWAfnll6ia2Mj7VxRJmefaBghcjclxUY0R0Gg', 'Network', 2),
('653380314-9', 'นายสิทธิชัย ผ่องเพิ่ม', 'sittichai.po@kkumail.com', 2, 'https://lh3.googleusercontent.com/a/ACg8ocKQyX9gDM1p7bN_IzC74IHgz72-4-eUxyh2-Db0igxy48uabg', 'Web and Mobile', 2),
('653380315-7', 'นางสาวสุพิชญา ขันตรีกรม', 'supitchaya.kan@kkumail.com', 2, 'https://lh3.googleusercontent.com/a/ACg8ocJPz6FPtRYIIJP6pSdzml4KE2g1u_3SsATs5BGhCkQzk8u-Hg', 'BIT', 2),
('653380369-4', 'นางสาวกิ่งนภา สิงหราช', 'kingnapa.s@kkumail.com', 2, 'https://lh3.googleusercontent.com/a/ACg8ocJAgViojGcocHKg_16ICe3nu7yfBO2bphHOq3nv4-6ass9Ukw', 'Web and Mobile', 2),
('653380370-9', 'นางสาวรัตติยากร รื่นมล', 'rattiyakorn.ru@kkumail.com', 2, 'https://lh3.googleusercontent.com/a/ACg8ocIsEeLWqaBiELBCoesbzvqTGidMgYklUW36bZHkVXDy3kMkDw', 'Network', 2),
('663380044-3', 'นางสาวนุสรา สารธิราช', 'nuchsara.s@kkumail.com', 2, 'https://lh3.googleusercontent.com/a-/ALV-UjX9NVJvmgQvqTy-QbXqBFIeQxh4bQFK0RrfYQxj9cI1C8GUaZs', 'BIT', 2),
('663380092-2', 'นางสาวกนกนิภา ปัญเศษ', 'kanoknipha.p@kkumail.com', 1, 'https://lh3.googleusercontent.com/a/ACg8ocLHwtkAxlSyfHQ4oucdd0foXJ3OxAk-2XU8uMUyFirsgFHkuw', NULL, 2),
('663380093-0', 'นางสาวกนกรส ศรีบัวบุญ', 'kanokrot.s@kkumail.com', 1, 'https://lh3.googleusercontent.com/a-/ALV-UjWaoIiw1DZLfB0KcBAMglfrPTSCw0qjAFBSY6COkjMxsQc-fYw', NULL, 2),
('663380094-8', 'นายกฤษกร โคตรงาม', 'kritsakorn.c@kkumail.com', 1, 'https://lh3.googleusercontent.com/a/ACg8ocJycGdiG2QjGQ6B57kcBqzbKJ_H4DOyQ4SVfi-2grz3Sjbc8Q', NULL, 2),
('663380095-6', 'นางสาวกุลยา ศิริสม', 'kullaya.s@kkumail.com', 1, 'https://lh3.googleusercontent.com/a/ACg8ocKenocTYEme7eCb0FOXHk-OxDtfMTW23I8mATsXvWL-kkP7-Q', NULL, 2),
('663380096-4', 'นายจักรภัทร กูดอั้ว', 'jakrapat.g@kkumail.com', 1, 'https://lh3.googleusercontent.com/a-/ALV-UjXJ5wbZ5bjWNCYBSjwkC3KRr80dyrZ-_maUGsvkFyhZ12Q2I4U', NULL, 2),
('663380097-2', 'นางสาวจิณณพัต ภักดี', 'jinnapat.pha@kkumail.com', 1, 'https://lh3.googleusercontent.com/a/ACg8ocLg2u8wRYayJ1xfV2P0e9SO8DzEwdMrnIrhyq3MPhzHTMCQfg', NULL, 2),
('663380098-0', 'นายชนกันต์ เสียงหวาน', 'chanakan.si@kkumail.com', 1, 'https://lh3.googleusercontent.com/a/ACg8ocJ77DhSvBihz36KhTogKP-nhrm5nfzjkRF1X6Rm5vXvUIN-Cg', NULL, 2),
('663380099-8', 'นางสาวชมพูนุช สุวรรณภักดี', 'chompoonuch.s@kkumail.com', 1, 'https://lh3.googleusercontent.com/a-/ALV-UjWDPIjB66axrXvx2TZPA08BLXzhKCD3jjuRRLkoP3cbi-MWLm4', NULL, 2),
('663380100-9', 'นายชัยนันท์ ลิขกิจจาทร', 'chaiyanan.l@kkumail.com', 1, 'https://lh3.googleusercontent.com/a-/ALV-UjUzFv2jXPlrlZg38175DNi8CtP2_avC0mzSpht-_q1u7hVfOjI', NULL, 2),
('663380102-5', 'นายณราวิชญ์ คนใจบุญ', 'naravit.c@kkumail.com', 1, 'https://lh3.googleusercontent.com/a/ACg8ocLSDVHi8wsmjTfK-U9Pf9YfTvJhA2ZdKFxPgEkAStFoJ1-u6g', NULL, 2),
('663380104-1', 'นางสาวณัฐชา ภูมูลเมือง', 'natcha.phum@kkumail.com', 1, 'https://lh3.googleusercontent.com/a-/ALV-UjXac_dTlsMkUQVbK1FV9m374YTxSevePjPkRoUl9fte2V_81yc', NULL, 2),
('663380105-9', 'นายดนัยวัฒน์ ทองทา', 'danaiwat.t@kkumail.com', 1, 'https://lh3.googleusercontent.com/a/ACg8ocL8Xvc1xREV22t-IulSpvgtAaOz8V_HPzkeMVhzPEbFFi4Hvg', NULL, 2),
('663380106-7', 'นายทัพพ์โยธิน วิษณุโยธิน', 'tapyothin.v@kkumail.com', NULL, 'https://lh3.googleusercontent.com/a-/ALV-UjX2WG5PFYxOOveMctUeaKlpmgR_6vNHJ2nYfokXgCv5YnyZXQ', NULL, 2),
('663380107-5', 'นายธนวัฒน์ น้อยตำแย', 'thanawat.no@kkumail.com', 1, 'https://lh3.googleusercontent.com/a-/ALV-UjUuhqo7UyKJTf263CstJuV1jeTJhbx7bQJ1N3Y2cdjLRNb5pg', NULL, 2),
('663380108-3', 'นางสาวธนัญชนก นาคจันทร์', 'thananchanok.n@kkumail.com', 1, 'https://lh3.googleusercontent.com/a-/ALV-UjWskFMnKT3KVfUtqCI17NhY7Q8HR7vqq4lIXSSubDsNsUXp1qw', NULL, 2),
('663380109-1', 'นายธนานนทิพัฒน์ มุทาพัชรพรกุล', 'tananonthiphat.m@kkumail.com', 1, 'https://lh3.googleusercontent.com/a/ACg8ocJreBhSOdSgmGboJkjHvGTjwej7HC4rjvZPIwMDp8aagHbfWg', NULL, 2),
('663380111-4', 'นางสาวนภัสวรรณ ชัยบาล', 'napatwan.c@kkumail.com', 1, 'https://lh3.googleusercontent.com/a/ACg8ocIJoYr_sw64qdnbZtXwx5Sq9X-CbAaHrKmiclSwjpgFSWPj9g', NULL, 2),
('663380112-2', 'นายนิติพงษ์ เคนโยธา', 'nitipong.ke@kkumail.com', 1, 'https://lh3.googleusercontent.com/a-/ALV-UjW0RTQ68pRxQsLCSRfs6Anox83CLR3WVShfbP7tAJqIf2li_Vvpi-BxjPF6JQVkwEQDtyxbIVq-9DLmfilmNPAIELXvhP6U4gyliMBIz8_nLp0swcbbQev2EWA-kTSRtvzkCgjEcodt9mG2z2hzh7vPMolK_EZ392UeGD3TfhgKhSn4Xn7dhibldtY_l-kbdthUJXEH2V78HufYc0DguNtlr59S-8HLU9wAIvZh52EdRiL5-awN7P7uo4Wen4qHXJ3QHE-C-ilGSYXN9Wh3g8JaQT3IuOTVEgQGIBRA701o6nAExs8PdjdU6Tzloz5LAnkmIbgFarW5TbaGEetEXSFeG5kJxIo1S62W-I2oM7Kj8BvzaVrQ5WsjX3SaNDktXrXfEyR3JiFICBHw7O7AdKzq6dV6GN1Lv8E9_RBUR7mXCTVj7AsfI1UQMkGmq6FX54Tzv1xoCbRSITeyvDkzQsRIhsdck7jjY3t9Vlra22Eb8BEY_4dzW4SHarnnkjxI3gLa-XjjM3uxTw6EqdNiobOCD8VzMoz_BGMqLaZz-AS99th4STn6OUFRMYjdQwheE-udAcux42maays3HeETD7pW_e1ZH72Erg6FSxKaqJReWpxGf3a-VZmv2gqJjajBD_lVjxPp3LP8dXkESi-lLuDTa5M0xzxxLfiBuZXII7XkPDlLTPUnxo8Y8TVQFfA0Nmryzq4bE3vgPxdrkF4ubwmFV3oxRFMYBwh0WktZ73whNefT1qorP7Td6WpfxiCdCYYc86kg5_q7Hy5ZBQ001hoJval2SaK9iz3RsKfjbepTmiMlJgshJBhUDq4CC9JCXZQI7AHqgADT8apzBFhbhGVqeKV53pXQpgahCPvcOyf5Bw_rRJPkB4haGDB0CSBe8cFw-woa3-x21eg0fE2NsKBtKWJ71uQZiCzHmvn-ftpxkF9_trKdvKrAA5wa2ASzctp4sjw6DL2rswquD1YF-VUO=s64-p-k-rw-no', NULL, 2),
('663380113-0', 'นายนิติภูมิ วานิช', 'nitiphoom.w@kkumail.com', 1, 'https://lh3.googleusercontent.com/a/ACg8ocKsvCttQcErC0KE8N1Wl1xN_DrUHH91T0DgcAZQN_eL9F73XQ', NULL, 2),
('663380114-8', 'นางสาวนิติมา ผาภู', 'nithima.p@kkumail.com', NULL, 'https://lh3.googleusercontent.com/a/ACg8ocLJX_MBrjHxOT2ypk4zP_ctfTJHuDyd88aXsPv6xe3jKqEOAQ', NULL, 2),
('663380115-6', 'นายบวรภัค ทิพม้อม', 'bowornpak.t@kkumail.com', 1, 'https://lh3.googleusercontent.com/a-/ALV-UjUrPbNthHIpgVbx5ii9zDgTrzqrHtePoYMtBmDmLQgH71wQ2uw', NULL, 2),
('663380116-4', 'นายปณิธิ โหตระไวศยะ', 'panithi.h@kkumail.com', 1, 'https://lh3.googleusercontent.com/a-/ALV-UjX6ZvhUjPRQhN7Zd-zvx4qwkMLqg514sORrLvBd3nzs9LHCKBs', NULL, 2),
('663380117-2', 'นายปัณณวัฒน์ กุลวงษ์', 'pannawat.k@kkumail.com', 1, 'https://lh3.googleusercontent.com/a/ACg8ocL2Tp3j6VKOUEhr1pCk5tb_isHdOPlfWF5KXMPE8jMnNf6Wlg', NULL, 2),
('663380118-0', 'นายพิทักษ์พงษ์ ศรีภิรมย์', 'phithakphong.s@kkumail.com', 1, 'https://lh3.googleusercontent.com/a/ACg8ocKuJjUTNamxPx13TR06hB5eP8go0rDRHdIKiTeaRDuVPLPsAQ', NULL, 2),
('663380119-8', 'นายพีรภัทร์ ประโพธิ์ทัง', 'peerapat.pra@kkumail.com', 1, 'https://lh3.googleusercontent.com/a/ACg8ocJnDgsBUQ8KV3FB5kx7JLQFj-SnmzvNwHtoX27V4HCgSPAZQw', NULL, 2),
('663380120-3', 'นายภัทรพล วิทยาภูมิ', 'pattharapol.w@kkumail.com', 1, 'https://lh3.googleusercontent.com/a/ACg8ocKvk6qm5BdCoPZF34SvEe21yQ-0ljiSkaxl6le55B3WtMAYMw', NULL, 2),
('663380121-1', 'นายภูมินทร์ ฤทธิแผลง', 'phumin.r@kkumail.com', 1, 'https://lh3.googleusercontent.com/a/ACg8ocIsfRgFu0q9xVrua7esDl159Ib5QJuOAQsSGikJdbk1BvfTqw', NULL, 2),
('663380122-9', 'นายภูริพัฒน์ เกิดกลาง', 'phuriphat.ke@kkumail.com', 1, 'https://lh3.googleusercontent.com/a-/ALV-UjVZt7uuTxsF20pLlS40_WLE0tyjeuWO2fd14659S-ti3MA0xl8', NULL, 2),
('663380123-7', 'นายภูวนัตถ์ ศรีบุษย์', 'poowanut.s@kkumail.com', 1, 'https://lh3.googleusercontent.com/a/ACg8ocKgAsGvN63JgAlhhYDnnY8OtwRycyP0S8tAAbEZ5Y_wVPm67w', NULL, 2),
('663380124-5', 'นางสาวมุฑิตา ศรีวัฒนพงศ์', 'muthita.sri@kkumail.com', 1, 'https://lh3.googleusercontent.com/a-/ALV-UjUPxdryEsTbFKL_fPlC0qY8r8KNAGkMP2wa6Lq8nxZHBmBueFU', NULL, 2),
('663380125-3', 'นายยศพล สมทรัพย์', 'yossapon.s@kkumail.com', 1, 'https://lh3.googleusercontent.com/a/ACg8ocL6A4FPmbeSGTMoAPThp0OvRYQAUqESa6VPxwgEsXs7mOyKEA', NULL, 2),
('663380126-1', 'นายรัชพล กันโฮมภู', 'ratchapol.g@kkumail.com', 1, 'https://lh3.googleusercontent.com/a/ACg8ocLcv3gr9Jb1KUlY1KCA6JYMYtLt2Yce4UaG_xl9cXsXVwqevA', NULL, 2),
('663380127-9', 'นายรัชพล เรืองสวน', 'ratchapol.r@kkumail.com', 1, 'https://lh3.googleusercontent.com/a-/ALV-UjXJ5pfaI5VX4RzTFlYTOLEpEAdWZgB86Qh5U6kN8GGlVASBGVs', NULL, 2),
('663380129-5', 'นายรัฐธรรมนูญ ผิวแดง', 'rattammanoon.p@kkumail.com', 1, 'https://lh3.googleusercontent.com/a-/ALV-UjW2mD61ya0zxXtNJNKsg8uzFebhOkGpDb_r_kNorGeARuD9XZc', NULL, 2),
('663380130-0', 'นางสาวรุ่งฤดี พึ่งสว่าง', 'rungluedee.p@kkumail.com', 1, 'https://lh3.googleusercontent.com/a-/ALV-UjWMuHsBu4k-yI_Yy8OWPhNLOSwW8Y_jHpDY4Cl1xA4VJjHRkvc', NULL, 2),
('663380131-8', 'นางสาววรัญญา ทาคำ', 'waranya.tha@kkumail.com', 1, 'https://lh3.googleusercontent.com/a-/ALV-UjWMuHsBu4k-yI_Yy8OWPhNLOSwW8Y_jHpDY4Cl1xA4VJjHRkvc', NULL, 2),
('663380132-6', 'นายวริทธิ์ธร ลิขิตวงศ์ขจร', 'warittorn.l@kkumail.com', 1, 'https://lh3.googleusercontent.com/a/ACg8ocIJSbfTdxqcUUwOrHw1h7SYC7t5lSThXLEFGky7khKLPnXKqQ', NULL, 2),
('663380133-4', 'นายวันเฉลิม ภักดี', 'wanchaloam.p@kkumail.com', 1, 'https://lh3.googleusercontent.com/a/ACg8ocIWhcn-QOpEScoouW-m4YaCvWeO7WbTfOakbfZFM4oZ_SlgSQ', NULL, 2),
('663380135-0', 'นายสุรสิทธิ์ สวัสดิผล', 'surasit.s@kkumail.com', 1, 'https://lh3.googleusercontent.com/a/ACg8ocLbltASxS7fIQVK5Yvc-OPP942UHcZxsMriAN6avTUmD9V4Hw', NULL, 2),
('663380136-8', 'นายอนาวิล อุทัยสาง', 'anawin.u@kkumail.com', 1, 'https://lh3.googleusercontent.com/a/ACg8ocIRXbL_26SV6c_TV0Y8sGqvtQ14wkyTrvxhkfhNvoRmMc0jUA', NULL, 2),
('663380138-4', 'นายอัษฎายุทธ ปัดศรี', 'oatsadayut.p@kkumail.com', 1, 'https://lh3.googleusercontent.com/a/ACg8ocI7RQQlgvS8zTSXUJOCQ04pwVRNMo8xdQf0zZEuRaamnHemgA', NULL, 2),
('663380140-7', 'นายเทพนรินทร์ ทานาลาด', 'thepnarin.t@kkumail.com', 1, 'https://lh3.googleusercontent.com/a-/ALV-UjWoQWhWBPoMjGa0KJSekKSNUNzfHgvxYjJxvrnIsbmGJ7m6Juw', NULL, 2),
('663380141-5', 'นางสาวเยาวภาพร คำจอน', 'yaowapaporn.k@kkumail.com', 1, 'https://lh3.googleusercontent.com/a/ACg8ocIScNRkDN0uS2gvii761s1JslMKmL_qqvd2pkyYwCYql2lO5w', NULL, 2),
('663380148-1', 'นางสาวจิรัฐติกานต์ ชิณวงษ์', 'jiruttikan.c@kkumail.com', 1, 'https://lh3.googleusercontent.com/a-/ALV-UjVpjFIwSfHpGxX4TGIQ_fD8eWrZ_0Q02ADtrNtW0Fd9i2sguzI', 'BIT', 2),
('663380151-2', 'นายชนาธิป สีลาพล', 'chanathip.si@kkumail.com', 1, 'https://lh3.googleusercontent.com/a-/ALV-UjV1nri90FOuzwH2VunI0Q79zHq6XkwUep9wSgjAD2j3wZR3qeDy', 'BIT', 2),
('663380152-0', 'นางสาวชลิตา อ่วมกุล', 'chalita.au@kkumail.com', 1, 'https://lh3.googleusercontent.com/a/ACg8ocK-CwRw8nByZwpg3Bv-fkVs7pPRWdpXS709P5eMMcfABcSZJg', 'BIT', 2),
('663380160-1', 'นางสาวธนาภา เจริญสุข', 'thanapa.c@kkumail.com', 1, 'https://lh3.googleusercontent.com/a-/ALV-UjVKTGxXWlDjm3SCiwOAdmh2aVLm7kL7Vt44Byz3v3s1v-UGsYQ', 'BIT', 2),
('663380161-9', 'นางสาวธนิศากร พุดละ', 'thanisakon.p@kkumail.com', 1, 'https://lh3.googleusercontent.com/a-/ALV-UjXaSmkgRjKyL2cTFmuU4sYXNROjh9Pl6XPug5EB9F-pmFkytqs', 'BIT', 2),
('663380166-9', 'นายธีรภัทร์ ภูมิภักดิ์', 'theeraphat.kh@kkumail.com', 1, 'https://lh3.googleusercontent.com/a/ACg8ocLs28qUqJQgK-8v7g6LuVmySxhqliUT6QIIXrnaD3NQQRWqvg', 'BIT', 2),
('663380169-3', 'นายประสพโชค สมวงษา', 'prasopchok.s@kkumail.com', 1, 'https://lh3.googleusercontent.com/a-/ALV-UjVYe8cJ-ImSOUrbx3AiIRYK-ML2mLNxolxFW7CiRJEvQN25Pe6g', 'BIT', 2),
('663380170-8', 'นางสาวปริยากร พละดร', 'priyakorn.p@kkumail.com', 1, 'https://lh3.googleusercontent.com/a-/ALV-UjWLG_ij-H--r0F7oWyDMOuapdUpB6vEvh7AyDZxHhRnT6wFwvk', 'BIT', 2),
('663380172-4', 'นางสาวปวีณา กุลศิริ', 'paweena.kul@kkumail.com', 1, 'https://lh3.googleusercontent.com/a/ACg8ocKbm1W_oaD2HJWT_D7C2SlQvMbgN1KqUJLfKU_WeZzW6LYJ', 'BIT', 2),
('663380174-0', 'นายพรรษา ปิ่นแคน', 'pansa.p@kkumail.com', 1, 'https://lh3.googleusercontent.com/a-/ALV-UjUQjeL2NXhGMSj_EafG1wiRN7gkbCkgwK_wvTQHHWHCGRA4NkE', 'BIT', 2),
('663380175-8', 'นางสาวพิธิดา คำชารี', 'phithida.k@kkumail.com', 1, 'https://lh3.googleusercontent.com/a/ACg8ocJHUvqZ-LcFWd0gpzPuJX2CQKV82WvDkRfCwUrQDvjQk1zC3g', 'BIT', 2),
('663380182-1', 'นายภูวดล ภาโนมัย', 'phuwadol.pa@kkumail.com', 1, 'https://lh3.googleusercontent.com/a/ACg8ocJyhlIAGpZzS4gMd56G__qZRjAbUK_fAUMUdSj187Les3WFXw', 'BIT', 2),
('663380183-9', 'นางสาวรัชธางค์กูล สิทธี', 'ratchatangkoon.s@kkumail.com', 1, 'https://lh3.googleusercontent.com/a/ACg8ocIIj1ipSoWAAn0ZW47bgyqOUch-r5dfb6eV_b0Om7hChR1skg', 'BIT', 2),
('663380185-5', 'นางสาววริศรา สังคะโห', 'warisara.sang@kkumail.com', 1, 'https://lh3.googleusercontent.com/a/ACg8ocJTabDXDrMtV658i7tMyaHgeWhuIDo4Nvt7IBYCv7HeXZo04g', 'BIT', 2),
('663380187-1', 'นายสิรภพ น้อยสา', 'siraphop.n@kkumail.com', 1, 'https://lh3.googleusercontent.com/a/ACg8ocIHs5LOXTFh8Mpom6wG4j4jcuNMHqOTxIrj_L1TsUlgKGDzlw', 'BIT', 2),
('663380188-9', 'นางสาวสิริมา ฉายถวิล', 'sirima.ch@kkumail.com', 1, 'https://lh3.googleusercontent.com/a/ACg8ocIPm-CZHydURJXqTx2GGmIcEwt07VAcnqYj7uQUlV4I5DSV3g', 'BIT', 2),
('663380189-7', 'นายสุทธิพงศ์ การปรีชา', 'suttipong.k@kkumail.com', 1, 'https://lh3.googleusercontent.com/a-/ALV-UjX4iPn9WyTeZUd7tfTkI2_LKaZ_eZNh2sN4fFl9dc-uDmn51K8', 'BIT', 2),
('663380190-2', 'นางสาวสุรัสวดี จักรพิมพ์', 'suratsawadee.j@kkumail.com', 1, 'https://lh3.googleusercontent.com/a/ACg8ocJvBrUsqsvvGVk6Arz4ZanuhM25wzJvhBn06KLqjite3G3Qyw', 'BIT', 2),
('663380196-0', 'นางสาวไพรินทร์ พรมสะอาด', 'pairin.pr@kkumail.com', 1, 'https://lh3.googleusercontent.com/a-/ALV-UjWXTtbUYMs0_MZlQE3q0mDUrjv1OkryNTKv9ejqwGySuvo96Oc', 'BIT', 2),
('663380337-8', 'นายกฤษฏ์ ทันหา', 'krit.tha@kkumail.com', 2, 'https://lh3.googleusercontent.com/a/ACg8ocKoRFqi1bZq4VwJooQWwmHUriPdqH5uyR1vSV8jwrrEtOYHiA', 'BIT', 2),
('663380340-9', 'นายชนาธิป ศรีจักรโคตร', 'chanathip.sr@kkumail.com', 2, 'https://lh3.googleusercontent.com/a/ACg8ocL5O8Tf7YJI4WTUbNFxA4e81a1GvyzLA3UozIAiv5vDBTC6kQ', 'BIT', 2),
('663380342-5', 'นายชาคริต ชาระวงศ์', 'chakhrit.c@kkumail.com', 2, 'https://lh3.googleusercontent.com/a-/ALV-UjU_bx2MF-Fx66w4LkiSESWX4RfBj9RKzGNeTz8TonUvl9TmGb0', 'BIT', 2),
('663380343-3', 'นายญาณวุฒ ชุ่มใจ', 'yannavut.c@kkumail.com', 2, 'https://lh3.googleusercontent.com/a-/ALV-UjWN1htn0d7V_xbzRx_P2ghFc6hBqIOOYcecLwgqIGZciGkjnBQ', 'BIT', 2),
('663380346-7', 'นายทิวากรณ์ ผลภิญโญ', 'tiwakorn.ph@kkumail.com', 2, 'https://lh3.googleusercontent.com/a-/ALV-UjWZp6kjDJgdX4nYth8hvafISYiAS2qjpGyh428Xpc4Hh6DViQ', 'BIT', 2),
('663380366-1', 'นางสาวสุจิรา สัตถาผล', 'sujira.sa@kkumail.com', 2, 'https://lh3.googleusercontent.com/a/ACg8ocIgR_oqL-ubIkZi4TrxzYlTV1jd2SYyNyQVgtEQkbsoeyIeJg', 'BIT', 2),
('663380367-9', 'นางสาวสุธางศุ์รัตน์ ศรีโรจน์', 'suthangrat.s@kkumail.com', 2, 'https://lh3.googleusercontent.com/a-/ALV-UjWG4CWnJ1K7WylCfuOdsT78g9HrZdg4uhxSopNDEoZcpD_phtg', 'BIT', 2),
('663380370-0', 'นางสาวเกศกนก ประสมทรัพย์', 'ketkanok.p@kkumail.com', 2, 'https://lh3.googleusercontent.com/a/ACg8ocIiF22ZRWy3W8ZQZrMmrtmLo1BjTAhEmPbmBjI9jGvY5rCOHQ', 'BIT', 2),
('663380445-5', 'นางสาวกมลพรรณ ปรีสัน', 'pondkamonphan@kkumail.com', 1, 'https://lh3.googleusercontent.com/a-/ALV-UjVKG7Q4f3phupHtRSmNH9b7ZPAyfGn1u1lQEeCSuvoIzBLozUM', NULL, 2),
('663380446-3', 'นางสาวกรกนกพรรณ เจริญวงศ์', 'kornkanokphan.c@kkumail.com', 1, 'https://lh3.googleusercontent.com/a/ACg8ocKSE5_CzYEIXUOawBjyQcZATahzfdU7-hu0ErIu4_2-xeLDEQ', NULL, 2),
('663380447-1', 'นายกรวิทย์ สุทธิอาจ', 'korawit.su@kkumail.com', 1, 'https://lh3.googleusercontent.com/a/ACg8ocID8Ld5tygln0Fdo35uZdXq5PMfA1y1l6rGC5r3_GPlcpV6gg', NULL, 2),
('663380448-9', 'นายกฤษกร สีหะคลัง', 'kitsakorn.s@kkumail.com', 1, 'https://lh3.googleusercontent.com/a/ACg8ocL_6vNwsFE0uM9Vn2Y9jadYGpt30N1S1PgPap-qZehkCqlV9Q', NULL, 2),
('663380449-7', 'นายกวีเกียรติ มงคลพันธุ์', 'kawikiad.m@kkumail.com', 1, 'https://lh3.googleusercontent.com/a/ACg8ocLFTeo476uDyRxORYHx8RmYREcK6JmnG-4tgu5FDWruVQDl8w', NULL, 2),
('663380450-2', 'นายกีรติการณ์ สมอออน', 'kiratikan.s@kkumail.com', 1, 'https://lh3.googleusercontent.com/a/ACg8ocIIUFjbsx1NSQUtdIeVAgattWUN4-IyuRUcFMGiddjbCIa_-g', NULL, 2),
('663380451-0', 'นายฉัตรพล แนวจำปา', 'chatphol.n@kkumail.com', 1, 'https://lh3.googleusercontent.com/a/ACg8ocJ7oyMKw1trgfcXPhRu7fcahEdDdkSpLr9l8f0HRJXo5PZEMA', NULL, 2),
('663380453-6', 'นางสาวฐิติวรดา ทับทิมไสย์', 'thitiworada.t@kkumail.com', 1, 'https://lh3.googleusercontent.com/a/ACg8ocLoZx9b_MyPXCdCTrZwjC-YjccpILx5OIvfifpiSNCr5SZLmg', NULL, 2),
('663380454-4', 'นายณรินทร์ แก้วสีดา', 'narin.k@kkumail.com', 1, 'https://lh3.googleusercontent.com/a-/ALV-UjWA0zyXXsN3vo1VBEC1Isg-hoGYLSjw85I5ltTB5H52iizD_kQ', NULL, 2),
('663380455-2', 'นายณัฐนนท์ สิริปิติภัทร', 'nutthanon.s@kkumail.com', 1, 'https://lh3.googleusercontent.com/a-/ALV-UjUrnmNj-EtxR5U6Lq5JMxWR2tVU_ODuXo6USaOLN7_Q-ZlyuXE', NULL, 2),
('663380456-0', 'นายณันสพัทธ์ เติมทรัพย์', 'nansaphat.t@kkumail.com', 1, 'https://lh3.googleusercontent.com/a-/ALV-UjX9XE8MKpKI3qmfeyT2tyZP3QFs3N0FCZiO54JppkJDLUpVuae1', NULL, 2),
('663380457-8', 'นายถิรวัฒน์ คูณสี', 'thirawat.khu@kkumail.com', 1, 'https://lh3.googleusercontent.com/a-/ALV-UjUQS96vc57-LILp3CYGteXaJZLm5uWCwOcmJyiGDdgDO_SsFok', NULL, 2),
('663380459-4', 'นายธราดล สุขสำราญ', 'tharadol.s@kkumail.com', 1, 'https://lh3.googleusercontent.com/a/ACg8ocKMFIqg-ZUPhmbR1A6jlxrLwd1525a-LXJRzVIugaZzmap9CA', NULL, 2),
('663380460-9', 'นายธีรภัทร เผ่าภู่', 'teerapat.paop@kkumail.com', 1, 'https://lh3.googleusercontent.com/a/ACg8ocIa2A6Sy-IGEtl8zv-OXFCEyBiolKcJ12VfKQiyBliXLzqNoQ', NULL, 2),
('663380462-5', 'นายนภัส ยงธนเศรษฐ์', 'napat.yo@kkumail.com', 1, 'https://lh3.googleusercontent.com/a/ACg8ocLCmXZyPkI9TL0f9GnTFLxwC_LKB1u0U-UrsVCyHQF0blhH5g=s64-p-k-rw-no-mo', NULL, 2),
('663380463-3', 'นางสาวนภัส แก้วสีขาว', 'kk_napatt@kkumail.com', 1, 'https://lh3.googleusercontent.com/a-/ALV-UjX9EacXeNJdvs5_kVzlo3pjKh7nsCB0mNvGgbj0d23gBogLxXU=s64-p-k-rw-no', NULL, 2),
('663380465-9', 'นายปวรุตม์ หงษ์ชุมแพ', 'pawarut.h@kkumail.com', 1, 'https://lh3.googleusercontent.com/a/ACg8ocLxIScCPBQEMFCZkwVWbnjgR5f7VqvCMJLfolSWZNfHZXHV7A', NULL, 2),
('663380467-5', 'นายพัชรวัฒน์ ศรีพันธ์ลม', 'pacharawat.s@kkumail.com', 1, 'https://lh3.googleusercontent.com/a/ACg8ocKXFh6QS4WbjTVxGG4D3JQRQC2VeLZU4nyvbqT33SI2Jy4SKw', NULL, 2),
('663380469-1', 'นางสาวพีรดา ธนาวัฒนาวุธ', 'peerada.ta@kkumail.com', 1, 'https://lh3.googleusercontent.com/a/ACg8ocLwdDAbjIUJjRZNnv3zrW5p7FMfpANz0fGr3GmILpO2OpyLDg', NULL, 2),
('663380470-6', 'นายพีรพล ดวงดี', 'peerapol.du@kkumail.com', 1, 'https://lh3.googleusercontent.com/a/ACg8ocJKXEj5UpGPahyjy1DrzVh1V_frFOTeww96h7RVZUMYpZPSdg', NULL, 2),
('663380471-4', 'นายพุทธิชา รัตนา', 'phutthicha.r@kkumail.com', 1, 'https://lh3.googleusercontent.com/a/ACg8ocLD-SwokdFdDGEBjN8f_HOrsmDiIH-ARrO3YKaUzbFDdwNAfA', NULL, 2),
('663380472-2', 'นายภวินท์ ไวมาตร', 'pawin.wa@kkumail.com', 1, 'https://lh3.googleusercontent.com/a/ACg8ocKSF_HbZJLpmpDB-BrNQ_YAWYAR8OfNqpLPSh0dlc-qTVAi3Q', NULL, 2),
('663380473-0', 'นายรชต นันทา', 'rachata.nan@kkumail.com', 1, 'https://lh3.googleusercontent.com/a/ACg8ocLqVfeuYZhpUXbWwPmlickXCc2b-guFCxJRyJNr3hoi6gplrg', NULL, 2),
('663380474-8', 'นายวรินทร บุญอาษา', 'warinthon.bo@kkumail.com', 1, 'https://lh3.googleusercontent.com/a/ACg8ocLWRAQCLdSGaxCTphEQ7Av985jn9r3p0fPK4OhSv1OIcYt9pg', NULL, 2),
('663380475-6', 'นายวัชระ ศุภสุข', 'watchara.sup@kkumail.com', 1, 'https://lh3.googleusercontent.com/a/ACg8ocKBbNMiSpIL-bo5s-9a1C0J59mjeYRDHsLy1FDkbrCACCx1rA', NULL, 2),
('663380476-4', 'นายวุฒิชัย ชัยสุทธิ', 'wuttichai.ch@kkumail.com', 1, 'https://lh3.googleusercontent.com/a/ACg8ocJWWxbPNfFAuxaBUbddCePLCEw2e2tskunQkiEkCFVov7EA', NULL, 2),
('663380477-2', 'นางสาวศิริญาภรณ์ ก้อนทอง', 'siriyaphon.k@kkumail.com', 1, 'https://lh3.googleusercontent.com/a-/ALV-UjW31_wude-hrs0pAnj0n2St0ibBBsntYu4-VWwaZFVIAlI5YkE', NULL, 2),
('663380478-0', 'นางสาวศิริวรรณ ลาสองชั้น', 'siriwan.l@kkumail.com', 1, 'https://lh3.googleusercontent.com/a/ACg8ocJe4ife_tJDKqaGGHKuXD6WE_FcM6l-1oqec-UyBJfnjbDMgQ', NULL, 2),
('663380479-8', 'นางสาวสิริกาญจน์ เนตรพุกกณะ', 'paansirikarn@kkumail.com', 1, 'https://lh3.googleusercontent.com/a-/ALV-UjXKmUNWCxDkinOjG4dJJFdb_B0EcU_MNfAqQK6K-8ximCiO0DMs', NULL, 2),
('663380480-3', 'นางสาวสิลาภรณ์ จันทร์ถา', 'silaporn.c@kkumail.com', 1, 'https://lh3.googleusercontent.com/a-/ALV-UjWxIa0m7MoTz2wDMmkedD8MO6t_FgSluc5cWJfQ4fHGGK3QWMw', NULL, 2),
('663380482-9', 'นางสาวอารียา พลเยี่ยม', 'areeya.pho@kkumail.com', 1, 'https://lh3.googleusercontent.com/a/ACg8ocKGGfAcX21rdgmuxb347nJEQU7W-bS4xVyG5sAVfmvEBy_X5Q', NULL, 2),
('663380483-7', 'นางสาวเพ็ญพิชชา ทรการ', 'penpitcha.th@kkumail.com', 1, 'https://lh3.googleusercontent.com/a/ACg8ocKWiGEho_fti3unuZE6aKuBbSLsXaQk0GZYj3xnrat9Y0_e7g', NULL, 2),
('663380484-5', 'นางสาวโสภิตนภา คำสุข', 'sopitnapa.k@kkumail.com', 1, 'https://lh3.googleusercontent.com/a-/ALV-UjW_36fkeP3vORQORODaRf4xM51CXOYigZlfoXXaug9kZyvoBKo', NULL, 2),
('663380487-9', 'นายธนดล สาเสน', 'tanadol.s@kkumail.com', 1, 'https://lh3.googleusercontent.com/a/ACg8ocLx6BNSVhTcsCjhrSEZCHasxmBvxth_UefsAv6TZKlQN9Dphg', 'BIT', 2),
('663380488-7', 'นายธีรภัทร สังเกตกิจ', 'thiraphat.sa@kkumail.com', 1, 'https://lh3.googleusercontent.com/a/ACg8ocLT5662iOnYSdxG3JKnAazz85RhFMopeDeVw1T7Diqwtl6a-w', 'BIT', 2),
('663380495-0', 'นายภูมรพี วงษ์ศรี', 'phumrapee.v@kkumail.com', 1, 'https://lh3.googleusercontent.com/a-/ALV-UjW--_yMTAn0_OfMrpssFFuObCS1Q7rpAC8Y04xebtSSnMA7IQ4', 'BIT', 2),
('663380496-8', 'นายวงศพันธ์ อนันตวงศ์', 'wongsaphan.a@kkumail.com', 1, 'https://lh3.googleusercontent.com/a-/ALV-UjV242Xj5eIkGOHUgdMuaV4uvdqNAt_nlyZKf99h-uvkmucaAyE', 'BIT', 2),
('663380497-6', 'นายวัฒชรวิทย์ อดทน', 'watcharawit.o@kkumail.com', 1, 'https://lh3.googleusercontent.com/a/ACg8ocIpr7Yelbfz47nzQwa5QaZQj_CdXbzdzg_3qaZFB7oFVpuPgA', 'BIT', 2),
('663380498-4', 'นายสามารถ มงคลฤกษ์', 'samart.mon@kkumail.com', 1, 'https://lh3.googleusercontent.com/a-/ALV-UjX5yC0xN1472IVbvqqW91l9jsDpjcImu0QMgwZT7IOrJVNHGNk', 'Network', 2),
('663380501-1', 'นายอรรถพล อมรทัต', 'autthapon.a@kkumail.com', 1, 'https://lh3.googleusercontent.com/a/ACg8ocLsIT_bBLtyWfMN6bvTV8jI1GQadqToHqljai_wMlb71sSl7Q', 'BIT', 2),
('663380559-0', 'นางสาวธัญญรัตน์ อาจหาญ', 'thanyarath.a@kkumail.com', 2, 'https://lh3.googleusercontent.com/a-/ALV-UjUry6rFNtpGFyxg5ad3zkeJiIdSt1-hL339OdcQ6ZNbkDGQLxQ', 'BIT', 2),
('663380561-3', 'นายธีรธัช มหาฤทธิ์', 'theerathat.m@kkumail.com', 2, 'https://lh3.googleusercontent.com/a-/ALV-UjX2hHqNaDSdyYjO1HloR6qxUN-8QULV8ks2D4AEUNGN_2i6b2U', 'BIT', 2),
('663380562-1', 'นายนพฤทธิ์ ฤกษนอก', 'noppharit.l@kkumail.com', 2, 'https://lh3.googleusercontent.com/a-/ALV-UjWPRmByHA-CK7KPACSjue_26kUYhW9HbIZXZMbk0K7Gfr6yTe8', 'BIT', 2),
('663380570-2', 'นายฤทธิเดช สุขสมบูรณ์', 'rittidech.s@kkumail.com', 2, 'https://lh3.googleusercontent.com/a-/ALV-UjWPVyqZPoEyFCD4mRM_SEluaBcfTkDsk1PTESHqAgLciI6CIYg', 'BIT', 2),
('663380571-0', 'นายวัชรกรณ์ จันละคร', 'watcharakorn.j@kkumail.com', 2, 'https://lh3.googleusercontent.com/a/ACg8ocIvLDye3dSBmvwatzJ5B9n1dgzIX2Y_kcjbp9jwJAWs-vcvcw', 'BIT', 2),
('663380574-4', 'นายวีรวัต สดศิริ', 'weerawat.so@kkumail.com', 2, 'https://lh3.googleusercontent.com/a/ACg8ocLr5Lju5RIm4cX1F8xuvFsWmtBJ8fBSuJxDPRdnMZW19qardg', 'BIT', 2),
('663380577-8', 'นางสาวสุกิจตรา โคแสงรักษา', 'sukijtra.k@kkumail.com', 2, 'https://lh3.googleusercontent.com/a/ACg8ocIr6W5Rc1htt94VSut0oEVUzY-QzQOImIDhAMbWvpTrnE-PpQ', 'BIT', 2),
('663380630-0', 'นายชญาณภัทร คำสิน', 'chayanapat.k@kkumail.com', 2, 'https://lh3.googleusercontent.com/a-/ALV-UjVQPV1OL5j4HtQokVsfBp20qpWCMyB4KXZp50u6M9Zk_RTMWJk9', 'BIT', 2),
('663380633-4', 'นางสาวณัฐนิชา ทะยานรัมย์', 'natnicha.thay@kkumail.com', 2, 'https://lh3.googleusercontent.com/a/ACg8ocJthaBR7tWrKk8yQSNznOGZwD6CdrCO0FNtf_0a3ANgdHfu', 'BIT', 2),
('663380636-8', 'นายภาวัต วงค์มาลาสิทธิ์', 'pawat.wo@kkumail.com', 2, 'https://lh3.googleusercontent.com/a/ACg8ocJznL5PTiirHH_Yv92ymyRvkzt2tX1Qd3GwnflB5GEKh1mE6Q', 'Network', 2);

--
-- Indexes for dumped tables
--

--
-- Indexes for table `caretaker`
--
ALTER TABLE `caretaker`
  ADD PRIMARY KEY (`id`);

--
-- Indexes for table `course`
--
ALTER TABLE `course`
  ADD PRIMARY KEY (`idcourse`);

--
-- Indexes for table `edit_point`
--
ALTER TABLE `edit_point`
  ADD PRIMARY KEY (`id`);

--
-- Indexes for table `enllo`
--
ALTER TABLE `enllo`
  ADD PRIMARY KEY (`id`);

--
-- Indexes for table `extra_point`
--
ALTER TABLE `extra_point`
  ADD PRIMARY KEY (`id`);

--
-- Indexes for table `opencourse`
--
ALTER TABLE `opencourse`
  ADD PRIMARY KEY (`id`);

--
-- Indexes for table `points`
--
ALTER TABLE `points`
  ADD PRIMARY KEY (`id`);

--
-- Indexes for table `titelwork`
--
ALTER TABLE `titelwork`
  ADD PRIMARY KEY (`id`);

--
-- Indexes for table `topic_create`
--
ALTER TABLE `topic_create`
  ADD PRIMARY KEY (`id`);

--
-- Indexes for table `users`
--
ALTER TABLE `users`
  ADD PRIMARY KEY (`stdid`);

--
-- AUTO_INCREMENT for dumped tables
--

--
-- AUTO_INCREMENT for table `caretaker`
--
ALTER TABLE `caretaker`
  MODIFY `id` int(11) NOT NULL AUTO_INCREMENT, AUTO_INCREMENT=27;

--
-- AUTO_INCREMENT for table `edit_point`
--
ALTER TABLE `edit_point`
  MODIFY `id` int(11) NOT NULL AUTO_INCREMENT, AUTO_INCREMENT=23;

--
-- AUTO_INCREMENT for table `enllo`
--
ALTER TABLE `enllo`
  MODIFY `id` int(11) NOT NULL AUTO_INCREMENT, AUTO_INCREMENT=219;

--
-- AUTO_INCREMENT for table `extra_point`
--
ALTER TABLE `extra_point`
  MODIFY `id` int(11) NOT NULL AUTO_INCREMENT, AUTO_INCREMENT=62;

--
-- AUTO_INCREMENT for table `opencourse`
--
ALTER TABLE `opencourse`
  MODIFY `id` int(11) NOT NULL AUTO_INCREMENT, AUTO_INCREMENT=8;

--
-- AUTO_INCREMENT for table `points`
--
ALTER TABLE `points`
  MODIFY `id` int(11) NOT NULL AUTO_INCREMENT, AUTO_INCREMENT=398;

--
-- AUTO_INCREMENT for table `titelwork`
--
ALTER TABLE `titelwork`
  MODIFY `id` int(11) NOT NULL AUTO_INCREMENT, AUTO_INCREMENT=21;

--
-- AUTO_INCREMENT for table `topic_create`
--
ALTER TABLE `topic_create`
  MODIFY `id` int(11) NOT NULL AUTO_INCREMENT, AUTO_INCREMENT=3;
COMMIT;

/*!40101 SET CHARACTER_SET_CLIENT=@OLD_CHARACTER_SET_CLIENT */;
/*!40101 SET CHARACTER_SET_RESULTS=@OLD_CHARACTER_SET_RESULTS */;
/*!40101 SET COLLATION_CONNECTION=@OLD_COLLATION_CONNECTION */;
